,id,label
0,1.jpg,0
1,10.jpg,0
2,100.jpg,0
3,1000.jpg,0
4,1003.jpg,0
5,1004.jpg,0
6,1005.jpg,0
7,1006.jpg,0
8,1007.jpg,0
9,1008.jpg,0
10,101.jpg,0
11,1010.jpg,0
12,1011.jpg,0
13,1012.jpg,0
14,1013.jpg,0
15,1016.jpg,0
16,1018.jpg,0
17,102.jpg,0
18,1020.jpg,0
19,1021.jpg,0
20,1022.jpg,0
21,1024.jpg,0
22,1025.jpg,0
23,1026.jpg,0
24,1027.jpg,0
25,1029.jpg,0
26,103.jpg,0
27,1032.jpg,0
28,1033.jpg,0
29,1036.jpg,0
30,1038.jpg,0
31,1039.jpg,0
32,104.jpg,0
33,1041.jpg,0
34,1042.jpg,0
35,1044.jpg,0
36,1045.jpg,0
37,1048.jpg,0
38,1050.jpg,0
39,1051.jpg,0
40,1053.jpg,0
41,1055.jpg,0
42,1056.jpg,0
43,1059.jpg,0
44,106.jpg,0
45,1061.jpg,0
46,1063.jpg,0
47,1064.jpg,0
48,1066.jpg,0
49,1067.jpg,0
50,1069.jpg,0
51,107.jpg,0
52,1070.jpg,0
53,1071.jpg,0
54,1073.jpg,0
55,1074.jpg,0
56,1075.jpg,0
57,1076.jpg,0
58,1077.jpg,0
59,1080.jpg,0
60,1082.jpg,0
61,1083.jpg,0
62,1085.jpg,0
63,1087.jpg,0
64,1088.jpg,0
65,1089.jpg,0
66,109.jpg,0
67,1090.jpg,0
68,1091.jpg,0
69,1092.jpg,0
70,1093.jpg,0
71,1094.jpg,0
72,1096.jpg,0
73,1097.jpg,0
74,1098.jpg,0
75,1099.jpg,0
76,11.jpg,0
77,1100.jpg,0
78,1102.jpg,0
79,1103.jpg,0
80,1104.jpg,0
81,1105.jpg,0
82,1106.jpg,0
83,1107.jpg,0
84,1108.jpg,0
85,1109.jpg,0
86,111.jpg,0
87,1110.jpg,0
88,1111.jpg,0
89,1112.jpg,0
90,1113.jpg,0
91,1114.jpg,0
92,1115.jpg,0
93,1117.jpg,0
94,1118.jpg,0
95,1119.jpg,0
96,1120.jpg,0
97,1121.jpg,0
98,1124.jpg,0
99,1125.jpg,0
100,1126.jpg,0
101,113.jpg,0
102,1130.jpg,0
103,1131.jpg,0
104,1132.jpg,0
105,1133.jpg,0
106,1135.jpg,0
107,1138.jpg,0
108,1139.jpg,0
109,114.jpg,0
110,1140.jpg,0
111,1142.jpg,0
112,1143.jpg,0
113,1146.jpg,0
114,1147.jpg,0
115,1150.jpg,0
116,1153.jpg,0
117,1154.jpg,0
118,1155.jpg,0
119,1156.jpg,0
120,1158.jpg,0
121,116.jpg,0
122,1160.jpg,0
123,1162.jpg,0
124,1163.jpg,0
125,1164.jpg,0
126,1165.jpg,0
127,1166.jpg,0
128,1167.jpg,0
129,1168.jpg,0
130,1169.jpg,0
131,1170.jpg,0
132,1171.jpg,0
133,1172.jpg,0
134,1173.jpg,0
135,1174.jpg,0
136,1176.jpg,0
137,1177.jpg,0
138,118.jpg,0
139,1182.jpg,0
140,1185.jpg,0
141,119.jpg,0
142,1190.jpg,0
143,1191.jpg,0
144,1192.jpg,0
145,1194.jpg,0
146,1195.jpg,0
147,1197.jpg,0
148,1198.jpg,0
149,12.jpg,0
150,120.jpg,0
151,1200.jpg,0
152,1203.jpg,0
153,1204.jpg,0
154,1205.jpg,0
155,1206.jpg,0
156,1207.jpg,0
157,1208.jpg,0
158,121.jpg,0
159,1210.jpg,0
160,1211.jpg,0
161,1212.jpg,0
162,1213.jpg,0
163,1214.jpg,0
164,1215.jpg,0
165,1217.jpg,0
166,1219.jpg,0
167,122.jpg,0
168,1221.jpg,0
169,1222.jpg,0
170,1223.jpg,0
171,1224.jpg,0
172,1227.jpg,0
173,1228.jpg,0
174,1229.jpg,0
175,123.jpg,0
176,1231.jpg,0
177,1232.jpg,0
178,1233.jpg,0
179,1234.jpg,0
180,1235.jpg,0
181,1237.jpg,0
182,1240.jpg,0
183,1241.jpg,0
184,1242.jpg,0
185,1244.jpg,0
186,1245.jpg,0
187,1247.jpg,0
188,1248.jpg,0
189,1249.jpg,0
190,125.jpg,0
191,1252.jpg,0
192,1253.jpg,0
193,1254.jpg,0
194,1257.jpg,0
195,1258.jpg,0
196,1259.jpg,0
197,126.jpg,0
198,1261.jpg,0
199,1263.jpg,0
200,1264.jpg,0
201,1265.jpg,0
202,1266.jpg,0
203,1267.jpg,0
204,1268.jpg,0
205,1269.jpg,0
206,1270.jpg,0
207,1274.jpg,0
208,1275.jpg,0
209,1276.jpg,0
210,1277.jpg,0
211,1278.jpg,0
212,1279.jpg,0
213,128.jpg,0
214,1280.jpg,0
215,1281.jpg,0
216,1282.jpg,0
217,1283.jpg,0
218,1284.jpg,0
219,1285.jpg,0
220,1286.jpg,0
221,1287.jpg,0
222,1289.jpg,0
223,129.jpg,0
224,1290.jpg,0
225,1292.jpg,0
226,1293.jpg,0
227,1294.jpg,0
228,1295.jpg,0
229,1296.jpg,0
230,1297.jpg,0
231,1299.jpg,0
232,13.jpg,0
233,130.jpg,0
234,1300.jpg,0
235,1301.jpg,0
236,1302.jpg,0
237,1304.jpg,0
238,1305.jpg,0
239,1306.jpg,0
240,1307.jpg,0
241,1308.jpg,0
242,1310.jpg,0
243,1311.jpg,0
244,1314.jpg,0
245,1315.jpg,0
246,1316.jpg,0
247,1319.jpg,0
248,132.jpg,0
249,1320.jpg,0
250,1321.jpg,0
251,1323.jpg,0
252,1324.jpg,0
253,1325.jpg,0
254,1327.jpg,0
255,1329.jpg,0
256,133.jpg,0
257,1330.jpg,0
258,1332.jpg,0
259,1333.jpg,0
260,1336.jpg,0
261,1337.jpg,0
262,1338.jpg,0
263,1339.jpg,0
264,134.jpg,0
265,1340.jpg,0
266,1341.jpg,0
267,1342.jpg,0
268,1343.jpg,0
269,1344.jpg,0
270,1346.jpg,0
271,1347.jpg,0
272,1348.jpg,0
273,135.jpg,0
274,1350.jpg,0
275,1351.jpg,0
276,1352.jpg,0
277,1353.jpg,0
278,1354.jpg,0
279,1356.jpg,0
280,1358.jpg,0
281,1360.jpg,0
282,1361.jpg,0
283,1362.jpg,0
284,1364.jpg,0
285,1365.jpg,0
286,1366.jpg,0
287,1367.jpg,0
288,1368.jpg,0
289,1369.jpg,0
290,137.jpg,0
291,1370.jpg,0
292,1371.jpg,0
293,1372.jpg,0
294,1374.jpg,0
295,1376.jpg,0
296,1378.jpg,0
297,1379.jpg,0
298,138.jpg,0
299,1380.jpg,0
300,1381.jpg,0
301,1382.jpg,0
302,1385.jpg,0
303,1386.jpg,0
304,1388.jpg,0
305,139.jpg,0
306,1390.jpg,0
307,1391.jpg,0
308,1392.jpg,0
309,1393.jpg,0
310,1394.jpg,0
311,1395.jpg,0
312,1396.jpg,0
313,1398.jpg,0
314,1399.jpg,0
315,14.jpg,0
316,140.jpg,0
317,1400.jpg,0
318,1401.jpg,0
319,1402.jpg,0
320,1403.jpg,0
321,1404.jpg,0
322,1406.jpg,0
323,1407.jpg,0
324,1408.jpg,0
325,1409.jpg,0
326,141.jpg,0
327,1410.jpg,0
328,1414.jpg,0
329,142.jpg,0
330,1421.jpg,0
331,1422.jpg,0
332,1424.jpg,0
333,1425.jpg,0
334,1426.jpg,0
335,1428.jpg,0
336,143.jpg,0
337,1435.jpg,0
338,1436.jpg,0
339,1437.jpg,0
340,1438.jpg,0
341,1440.jpg,0
342,1441.jpg,0
343,1442.jpg,0
344,1444.jpg,0
345,1446.jpg,0
346,1450.jpg,0
347,1451.jpg,0
348,1452.jpg,0
349,1453.jpg,0
350,1455.jpg,0
351,1456.jpg,0
352,1458.jpg,0
353,1460.jpg,0
354,1461.jpg,0
355,1464.jpg,0
356,1465.jpg,0
357,1468.jpg,0
358,1469.jpg,0
359,1472.jpg,0
360,1473.jpg,0
361,1474.jpg,0
362,1475.jpg,0
363,1477.jpg,0
364,1478.jpg,0
365,1479.jpg,0
366,1480.jpg,0
367,1481.jpg,0
368,1482.jpg,0
369,1483.jpg,0
370,1485.jpg,0
371,1486.jpg,0
372,1487.jpg,0
373,1488.jpg,0
374,1489.jpg,0
375,1491.jpg,0
376,1495.jpg,0
377,1496.jpg,0
378,1497.jpg,0
379,1498.jpg,0
380,1499.jpg,0
381,15.jpg,0
382,150.jpg,0
383,1501.jpg,0
384,1503.jpg,0
385,1504.jpg,0
386,1505.jpg,0
387,1508.jpg,0
388,1510.jpg,0
389,1511.jpg,0
390,1512.jpg,0
391,1514.jpg,0
392,1515.jpg,0
393,1516.jpg,0
394,1517.jpg,0
395,1518.jpg,0
396,1519.jpg,0
397,152.jpg,0
398,1520.jpg,0
399,1521.jpg,0
400,1522.jpg,0
401,1523.jpg,0
402,1526.jpg,0
403,1527.jpg,0
404,1528.jpg,0
405,1530.jpg,0
406,1534.jpg,0
407,1535.jpg,0
408,1537.jpg,0
409,1538.jpg,0
410,1539.jpg,0
411,1541.jpg,0
412,1542.jpg,0
413,1543.jpg,0
414,1546.jpg,0
415,1547.jpg,0
416,1548.jpg,0
417,1549.jpg,0
418,1550.jpg,0
419,1553.jpg,0
420,1554.jpg,0
421,1555.jpg,0
422,1556.jpg,0
423,1557.jpg,0
424,1558.jpg,0
425,1559.jpg,0
426,156.jpg,0
427,1561.jpg,0
428,1562.jpg,0
429,1564.jpg,0
430,1566.jpg,0
431,1567.jpg,0
432,1569.jpg,0
433,157.jpg,0
434,1571.jpg,0
435,1572.jpg,0
436,1573.jpg,0
437,1575.jpg,0
438,1576.jpg,0
439,1577.jpg,0
440,1578.jpg,0
441,1579.jpg,0
442,158.jpg,0
443,1581.jpg,0
444,1582.jpg,0
445,1584.jpg,0
446,1586.jpg,0
447,1587.jpg,0
448,1588.jpg,0
449,1589.jpg,0
450,159.jpg,0
451,1590.jpg,0
452,1591.jpg,0
453,1593.jpg,0
454,1594.jpg,0
455,1595.jpg,0
456,1596.jpg,0
457,1598.jpg,0
458,1599.jpg,0
459,16.jpg,0
460,160.jpg,0
461,1600.jpg,0
462,1602.jpg,0
463,1603.jpg,0
464,1604.jpg,0
465,1605.jpg,0
466,1606.jpg,0
467,1607.jpg,0
468,1608.jpg,0
469,1609.jpg,0
470,1610.jpg,0
471,1611.jpg,0
472,1614.jpg,0
473,1616.jpg,0
474,1619.jpg,0
475,162.jpg,0
476,1620.jpg,0
477,1622.jpg,0
478,1623.jpg,0
479,1624.jpg,0
480,1625.jpg,0
481,1628.jpg,0
482,163.jpg,0
483,1630.jpg,0
484,1631.jpg,0
485,1634.jpg,0
486,1635.jpg,0
487,1636.jpg,0
488,1638.jpg,0
489,164.jpg,0
490,1640.jpg,0
491,1641.jpg,0
492,1643.jpg,0
493,1644.jpg,0
494,1646.jpg,0
495,1649.jpg,0
496,1651.jpg,0
497,1652.jpg,0
498,1653.jpg,0
499,1658.jpg,0
500,1659.jpg,0
501,166.jpg,0
502,1660.jpg,0
503,1661.jpg,0
504,1663.jpg,0
505,1664.jpg,0
506,1666.jpg,0
507,1667.jpg,0
508,1669.jpg,0
509,1670.jpg,0
510,1672.jpg,0
511,1673.jpg,0
512,1675.jpg,0
513,1677.jpg,0
514,1679.jpg,0
515,168.jpg,0
516,1680.jpg,0
517,1682.jpg,0
518,1684.jpg,0
519,1685.jpg,0
520,1686.jpg,0
521,1688.jpg,0
522,1689.jpg,0
523,169.jpg,0
524,1690.jpg,0
525,1691.jpg,0
526,1692.jpg,0
527,1693.jpg,0
528,1695.jpg,0
529,1696.jpg,0
530,1698.jpg,0
531,170.jpg,0
532,1700.jpg,0
533,1703.jpg,0
534,1704.jpg,0
535,1708.jpg,0
536,1710.jpg,0
537,1711.jpg,0
538,1712.jpg,0
539,1714.jpg,0
540,1715.jpg,0
541,1716.jpg,0
542,1718.jpg,0
543,1719.jpg,0
544,172.jpg,0
545,1720.jpg,0
546,1721.jpg,0
547,1723.jpg,0
548,1724.jpg,0
549,1725.jpg,0
550,1728.jpg,0
551,1729.jpg,0
552,173.jpg,0
553,1730.jpg,0
554,1731.jpg,0
555,1732.jpg,0
556,1734.jpg,0
557,1735.jpg,0
558,1736.jpg,0
559,1738.jpg,0
560,1740.jpg,0
561,1742.jpg,0
562,1743.jpg,0
563,1744.jpg,0
564,1745.jpg,0
565,1746.jpg,0
566,1747.jpg,0
567,1748.jpg,0
568,175.jpg,0
569,1752.jpg,0
570,1753.jpg,0
571,1754.jpg,0
572,1755.jpg,0
573,1757.jpg,0
574,1758.jpg,0
575,1759.jpg,0
576,1760.jpg,0
577,1761.jpg,0
578,1762.jpg,0
579,1765.jpg,0
580,1767.jpg,0
581,1769.jpg,0
582,1770.jpg,0
583,1772.jpg,0
584,1773.jpg,0
585,1776.jpg,0
586,1777.jpg,0
587,1778.jpg,0
588,1779.jpg,0
589,178.jpg,0
590,1780.jpg,0
591,1781.jpg,0
592,1783.jpg,0
593,1785.jpg,0
594,1786.jpg,0
595,1787.jpg,0
596,1788.jpg,0
597,179.jpg,0
598,1790.jpg,0
599,1791.jpg,0
600,1792.jpg,0
601,1793.jpg,0
602,1794.jpg,0
603,1796.jpg,0
604,1797.jpg,0
605,1798.jpg,0
606,1799.jpg,0
607,18.jpg,0
608,180.jpg,0
609,1800.jpg,0
610,1801.jpg,0
611,1802.jpg,0
612,1804.jpg,0
613,1805.jpg,0
614,1807.jpg,0
615,1808.jpg,0
616,1809.jpg,0
617,1810.jpg,0
618,1811.jpg,0
619,1812.jpg,0
620,1813.jpg,0
621,1814.jpg,0
622,1815.jpg,0
623,1816.jpg,0
624,1817.jpg,0
625,1818.jpg,0
626,1819.jpg,0
627,1820.jpg,0
628,1822.jpg,0
629,1823.jpg,0
630,1824.jpg,0
631,1828.jpg,0
632,1829.jpg,0
633,183.jpg,0
634,1830.jpg,0
635,1831.jpg,0
636,1832.jpg,0
637,1833.jpg,0
638,1834.jpg,0
639,1836.jpg,0
640,1837.jpg,0
641,184.jpg,0
642,1841.jpg,0
643,1842.jpg,0
644,1844.jpg,0
645,1845.jpg,0
646,1846.jpg,0
647,1847.jpg,0
648,1849.jpg,0
649,185.jpg,0
650,1850.jpg,0
651,1851.jpg,0
652,1852.jpg,0
653,1853.jpg,0
654,1854.jpg,0
655,1855.jpg,0
656,1856.jpg,0
657,1858.jpg,0
658,186.jpg,0
659,1862.jpg,0
660,1863.jpg,0
661,1864.jpg,0
662,1869.jpg,0
663,187.jpg,0
664,1870.jpg,0
665,1872.jpg,0
666,1873.jpg,0
667,1874.jpg,0
668,1876.jpg,0
669,1877.jpg,0
670,1878.jpg,0
671,188.jpg,0
672,1881.jpg,0
673,1882.jpg,0
674,1883.jpg,0
675,1884.jpg,0
676,1885.jpg,0
677,1886.jpg,0
678,1887.jpg,0
679,1888.jpg,0
680,1889.jpg,0
681,189.jpg,0
682,1890.jpg,0
683,1892.jpg,0
684,1893.jpg,0
685,1894.jpg,0
686,1895.jpg,0
687,1897.jpg,0
688,1898.jpg,0
689,1899.jpg,0
690,190.jpg,0
691,1901.jpg,0
692,1902.jpg,0
693,1903.jpg,0
694,1905.jpg,0
695,1906.jpg,0
696,1909.jpg,0
697,191.jpg,0
698,1911.jpg,0
699,1912.jpg,0
700,1913.jpg,0
701,1914.jpg,0
702,1915.jpg,0
703,1916.jpg,0
704,1918.jpg,0
705,1919.jpg,0
706,192.jpg,0
707,1920.jpg,0
708,1921.jpg,0
709,1922.jpg,0
710,1923.jpg,0
711,1924.jpg,0
712,1926.jpg,0
713,1927.jpg,0
714,1928.jpg,0
715,193.jpg,0
716,1930.jpg,0
717,1932.jpg,0
718,1933.jpg,0
719,1934.jpg,0
720,1935.jpg,0
721,1936.jpg,0
722,1937.jpg,0
723,194.jpg,0
724,1940.jpg,0
725,1941.jpg,0
726,1942.jpg,0
727,1943.jpg,0
728,1944.jpg,0
729,1946.jpg,0
730,1947.jpg,0
731,1948.jpg,0
732,1949.jpg,0
733,195.jpg,0
734,1953.jpg,0
735,1954.jpg,0
736,1955.jpg,0
737,1956.jpg,0
738,1957.jpg,0
739,1958.jpg,0
740,196.jpg,0
741,1961.jpg,0
742,1962.jpg,0
743,1963.jpg,0
744,1965.jpg,0
745,1967.jpg,0
746,1969.jpg,0
747,197.jpg,0
748,1971.jpg,0
749,1972.jpg,0
750,1973.jpg,0
751,1974.jpg,0
752,1976.jpg,0
753,1977.jpg,0
754,1979.jpg,0
755,198.jpg,0
756,1980.jpg,0
757,1981.jpg,0
758,1982.jpg,0
759,1983.jpg,0
760,1984.jpg,0
761,1986.jpg,0
762,1987.jpg,0
763,1989.jpg,0
764,199.jpg,0
765,1990.jpg,0
766,1991.jpg,0
767,1992.jpg,0
768,1993.jpg,0
769,1996.jpg,0
770,1998.jpg,0
771,1999.jpg,0
772,2.jpg,0
773,20.jpg,0
774,200.jpg,0
775,2000.jpg,0
776,2001.jpg,0
777,2002.jpg,0
778,2003.jpg,0
779,2005.jpg,0
780,2006.jpg,0
781,2007.jpg,0
782,2008.jpg,0
783,2009.jpg,0
784,201.jpg,0
785,2010.jpg,0
786,2011.jpg,0
787,2012.jpg,0
788,2013.jpg,0
789,2014.jpg,0
790,2015.jpg,0
791,2016.jpg,0
792,2017.jpg,0
793,2018.jpg,0
794,2019.jpg,0
795,202.jpg,0
796,2020.jpg,0
797,2021.jpg,0
798,2022.jpg,0
799,2024.jpg,0
800,2025.jpg,0
801,2027.jpg,0
802,2028.jpg,0
803,203.jpg,0
804,2030.jpg,0
805,2031.jpg,0
806,2032.jpg,0
807,2033.jpg,0
808,2034.jpg,0
809,2035.jpg,0
810,2036.jpg,0
811,2037.jpg,0
812,2038.jpg,0
813,2039.jpg,0
814,204.jpg,0
815,2040.jpg,0
816,2041.jpg,0
817,2042.jpg,0
818,2043.jpg,0
819,2044.jpg,0
820,2045.jpg,0
821,2046.jpg,0
822,2048.jpg,0
823,2049.jpg,0
824,205.jpg,0
825,2050.jpg,0
826,2051.jpg,0
827,2053.jpg,0
828,2056.jpg,0
829,2057.jpg,0
830,206.jpg,0
831,2061.jpg,0
832,2062.jpg,0
833,2063.jpg,0
834,2065.jpg,0
835,2066.jpg,0
836,2067.jpg,0
837,2068.jpg,0
838,207.jpg,0
839,2072.jpg,0
840,2073.jpg,0
841,2074.jpg,0
842,2075.jpg,0
843,2076.jpg,0
844,2077.jpg,0
845,2078.jpg,0
846,2079.jpg,0
847,2081.jpg,0
848,2082.jpg,0
849,2087.jpg,0
850,2088.jpg,0
851,2091.jpg,0
852,2092.jpg,0
853,2093.jpg,0
854,2096.jpg,0
855,2099.jpg,0
856,21.jpg,0
857,210.jpg,0
858,2100.jpg,0
859,2102.jpg,0
860,2105.jpg,0
861,2106.jpg,0
862,2107.jpg,0
863,2108.jpg,0
864,2109.jpg,0
865,211.jpg,0
866,2111.jpg,0
867,2112.jpg,0
868,2113.jpg,0
869,2114.jpg,0
870,2115.jpg,0
871,2116.jpg,0
872,2119.jpg,0
873,212.jpg,0
874,2122.jpg,0
875,2127.jpg,0
876,2128.jpg,0
877,2129.jpg,0
878,2132.jpg,0
879,2134.jpg,0
880,2135.jpg,0
881,2136.jpg,0
882,2137.jpg,0
883,2138.jpg,0
884,2139.jpg,0
885,214.jpg,0
886,2141.jpg,0
887,2142.jpg,0
888,2143.jpg,0
889,2144.jpg,0
890,2145.jpg,0
891,2146.jpg,0
892,2147.jpg,0
893,2148.jpg,0
894,215.jpg,0
895,2150.jpg,0
896,2152.jpg,0
897,2153.jpg,0
898,2154.jpg,0
899,2155.jpg,0
900,2156.jpg,0
901,2157.jpg,0
902,2158.jpg,0
903,2159.jpg,0
904,216.jpg,0
905,2160.jpg,0
906,2161.jpg,0
907,2162.jpg,0
908,2163.jpg,0
909,2164.jpg,0
910,2166.jpg,0
911,2167.jpg,0
912,2169.jpg,0
913,217.jpg,0
914,2170.jpg,0
915,2171.jpg,0
916,2173.jpg,0
917,2175.jpg,0
918,2176.jpg,0
919,2177.jpg,0
920,2178.jpg,0
921,2179.jpg,0
922,2180.jpg,0
923,2181.jpg,0
924,2184.jpg,0
925,2185.jpg,0
926,2186.jpg,0
927,2187.jpg,0
928,2188.jpg,0
929,2190.jpg,0
930,2191.jpg,0
931,2192.jpg,0
932,2193.jpg,0
933,2194.jpg,0
934,2195.jpg,0
935,2196.jpg,0
936,2197.jpg,0
937,2199.jpg,0
938,22.jpg,0
939,220.jpg,0
940,2200.jpg,0
941,2201.jpg,0
942,2202.jpg,0
943,2203.jpg,0
944,2206.jpg,0
945,2207.jpg,0
946,2208.jpg,0
947,2209.jpg,0
948,2210.jpg,0
949,2211.jpg,0
950,2212.jpg,0
951,2213.jpg,0
952,2214.jpg,0
953,2215.jpg,0
954,2216.jpg,0
955,2217.jpg,0
956,2218.jpg,0
957,2219.jpg,0
958,222.jpg,0
959,2220.jpg,0
960,2224.jpg,0
961,2225.jpg,0
962,2226.jpg,0
963,2228.jpg,0
964,2229.jpg,0
965,223.jpg,0
966,2230.jpg,0
967,2231.jpg,0
968,2232.jpg,0
969,2233.jpg,0
970,2234.jpg,0
971,2235.jpg,0
972,2236.jpg,0
973,2237.jpg,0
974,2239.jpg,0
975,224.jpg,0
976,2240.jpg,0
977,2242.jpg,0
978,2243.jpg,0
979,2245.jpg,0
980,2246.jpg,0
981,2247.jpg,0
982,2248.jpg,0
983,2250.jpg,0
984,2251.jpg,0
985,2252.jpg,0
986,2253.jpg,0
987,2255.jpg,0
988,2256.jpg,0
989,2257.jpg,0
990,2258.jpg,0
991,2259.jpg,0
992,226.jpg,0
993,2260.jpg,0
994,2261.jpg,0
995,2264.jpg,0
996,2265.jpg,0
997,2267.jpg,0
998,2268.jpg,0
999,227.jpg,0
1000,2270.jpg,0
1001,2271.jpg,0
1002,2273.jpg,0
1003,2274.jpg,0
1004,2275.jpg,0
1005,2278.jpg,0
1006,228.jpg,0
1007,2280.jpg,0
1008,2281.jpg,0
1009,2283.jpg,0
1010,2285.jpg,0
1011,2286.jpg,0
1012,2287.jpg,0
1013,2288.jpg,0
1014,229.jpg,0
1015,2290.jpg,0
1016,2291.jpg,0
1017,2292.jpg,0
1018,2293.jpg,0
1019,2294.jpg,0
1020,2295.jpg,0
1021,2296.jpg,0
1022,2297.jpg,0
1023,2298.jpg,0
1024,23.jpg,0
1025,230.jpg,0
1026,2301.jpg,0
1027,2305.jpg,0
1028,2306.jpg,0
1029,2307.jpg,0
1030,2308.jpg,0
1031,2309.jpg,0
1032,231.jpg,0
1033,2310.jpg,0
1034,2311.jpg,0
1035,2313.jpg,0
1036,2314.jpg,0
1037,2316.jpg,0
1038,2317.jpg,0
1039,232.jpg,0
1040,2324.jpg,0
1041,2325.jpg,0
1042,2326.jpg,0
1043,2327.jpg,0
1044,2328.jpg,0
1045,2329.jpg,0
1046,233.jpg,0
1047,2330.jpg,0
1048,2332.jpg,0
1049,2333.jpg,0
1050,2335.jpg,0
1051,2337.jpg,0
1052,2338.jpg,0
1053,234.jpg,0
1054,2341.jpg,0
1055,2344.jpg,0
1056,2345.jpg,0
1057,2346.jpg,0
1058,2347.jpg,0
1059,2348.jpg,0
1060,2349.jpg,0
1061,2352.jpg,0
1062,2353.jpg,0
1063,2354.jpg,0
1064,2359.jpg,0
1065,236.jpg,0
1066,2361.jpg,0
1067,2362.jpg,0
1068,2363.jpg,0
1069,2364.jpg,0
1070,2367.jpg,0
1071,2368.jpg,0
1072,2369.jpg,0
1073,2370.jpg,0
1074,2371.jpg,0
1075,2372.jpg,0
1076,2373.jpg,0
1077,2374.jpg,0
1078,2376.jpg,0
1079,2377.jpg,0
1080,2379.jpg,0
1081,238.jpg,0
1082,2380.jpg,0
1083,2382.jpg,0
1084,2384.jpg,0
1085,2385.jpg,0
1086,2386.jpg,0
1087,2387.jpg,0
1088,2388.jpg,0
1089,2389.jpg,0
1090,2390.jpg,0
1091,2391.jpg,0
1092,2393.jpg,0
1093,2394.jpg,0
1094,2395.jpg,0
1095,2397.jpg,0
1096,2398.jpg,0
1097,2400.jpg,0
1098,2402.jpg,0
1099,2404.jpg,0
1100,2405.jpg,0
1101,2406.jpg,0
1102,2407.jpg,0
1103,2408.jpg,0
1104,2410.jpg,0
1105,2412.jpg,0
1106,2413.jpg,0
1107,2414.jpg,0
1108,2415.jpg,0
1109,2416.jpg,0
1110,2417.jpg,0
1111,2418.jpg,0
1112,2419.jpg,0
1113,242.jpg,0
1114,2420.jpg,0
1115,2421.jpg,0
1116,2423.jpg,0
1117,2424.jpg,0
1118,2425.jpg,0
1119,2426.jpg,0
1120,2429.jpg,0
1121,243.jpg,0
1122,2430.jpg,0
1123,2431.jpg,0
1124,2435.jpg,0
1125,2437.jpg,0
1126,2439.jpg,0
1127,2440.jpg,0
1128,2441.jpg,0
1129,2444.jpg,0
1130,2445.jpg,0
1131,2446.jpg,0
1132,2447.jpg,0
1133,2448.jpg,0
1134,2449.jpg,0
1135,245.jpg,0
1136,2450.jpg,0
1137,2451.jpg,0
1138,2453.jpg,0
1139,2454.jpg,0
1140,2455.jpg,0
1141,2456.jpg,0
1142,2457.jpg,0
1143,2458.jpg,0
1144,2459.jpg,0
1145,2461.jpg,0
1146,2462.jpg,0
1147,2464.jpg,0
1148,2465.jpg,0
1149,2466.jpg,0
1150,2469.jpg,0
1151,247.jpg,0
1152,2470.jpg,0
1153,2471.jpg,0
1154,2473.jpg,0
1155,2474.jpg,0
1156,2475.jpg,0
1157,2479.jpg,0
1158,2480.jpg,0
1159,2481.jpg,0
1160,2484.jpg,0
1161,2485.jpg,0
1162,2487.jpg,0
1163,2488.jpg,0
1164,249.jpg,0
1165,2492.jpg,0
1166,2495.jpg,0
1167,2497.jpg,0
1168,2498.jpg,0
1169,2499.jpg,0
1170,25.jpg,0
1171,250.jpg,0
1172,2500.jpg,0
1173,2501.jpg,0
1174,2502.jpg,0
1175,2503.jpg,0
1176,2504.jpg,0
1177,2505.jpg,0
1178,2506.jpg,0
1179,2507.jpg,0
1180,2508.jpg,0
1181,2509.jpg,0
1182,2510.jpg,0
1183,2511.jpg,0
1184,2512.jpg,0
1185,2513.jpg,0
1186,2514.jpg,0
1187,2515.jpg,0
1188,2516.jpg,0
1189,2517.jpg,0
1190,2518.jpg,0
1191,2519.jpg,0
1192,252.jpg,0
1193,2520.jpg,0
1194,2521.jpg,0
1195,2522.jpg,0
1196,2523.jpg,0
1197,2524.jpg,0
1198,2525.jpg,0
1199,2527.jpg,0
1200,2528.jpg,0
1201,2529.jpg,0
1202,253.jpg,0
1203,2532.jpg,0
1204,2533.jpg,0
1205,2537.jpg,0
1206,2538.jpg,0
1207,2539.jpg,0
1208,254.jpg,0
1209,2540.jpg,0
1210,2543.jpg,0
1211,2544.jpg,0
1212,2546.jpg,0
1213,2547.jpg,0
1214,2548.jpg,0
1215,2549.jpg,0
1216,255.jpg,0
1217,2550.jpg,0
1218,2551.jpg,0
1219,2552.jpg,0
1220,2555.jpg,0
1221,2557.jpg,0
1222,2558.jpg,0
1223,256.jpg,0
1224,2562.jpg,0
1225,2563.jpg,0
1226,2564.jpg,0
1227,2565.jpg,0
1228,2566.jpg,0
1229,2567.jpg,0
1230,2568.jpg,0
1231,2569.jpg,0
1232,257.jpg,0
1233,2570.jpg,0
1234,2571.jpg,0
1235,2573.jpg,0
1236,2574.jpg,0
1237,2575.jpg,0
1238,2577.jpg,0
1239,2578.jpg,0
1240,258.jpg,0
1241,2580.jpg,0
1242,2582.jpg,0
1243,2583.jpg,0
1244,2584.jpg,0
1245,2586.jpg,0
1246,2587.jpg,0
1247,2589.jpg,0
1248,259.jpg,0
1249,2590.jpg,0
1250,2593.jpg,0
1251,2594.jpg,0
1252,2596.jpg,0
1253,2597.jpg,0
1254,2598.jpg,0
1255,26.jpg,0
1256,260.jpg,0
1257,2600.jpg,0
1258,2601.jpg,0
1259,2602.jpg,0
1260,2603.jpg,0
1261,2606.jpg,0
1262,2607.jpg,0
1263,2608.jpg,0
1264,2609.jpg,0
1265,261.jpg,0
1266,2611.jpg,0
1267,2612.jpg,0
1268,2613.jpg,0
1269,2614.jpg,0
1270,2616.jpg,0
1271,2618.jpg,0
1272,262.jpg,0
1273,2621.jpg,0
1274,2623.jpg,0
1275,2624.jpg,0
1276,2625.jpg,0
1277,2626.jpg,0
1278,2627.jpg,0
1279,2629.jpg,0
1280,2630.jpg,0
1281,2631.jpg,0
1282,2632.jpg,0
1283,2633.jpg,0
1284,2634.jpg,0
1285,2635.jpg,0
1286,2636.jpg,0
1287,2637.jpg,0
1288,2638.jpg,0
1289,2639.jpg,0
1290,264.jpg,0
1291,2640.jpg,0
1292,2641.jpg,0
1293,2643.jpg,0
1294,2644.jpg,0
1295,2645.jpg,0
1296,2648.jpg,0
1297,265.jpg,0
1298,2651.jpg,0
1299,2655.jpg,0
1300,2657.jpg,0
1301,2660.jpg,0
1302,2661.jpg,0
1303,2662.jpg,0
1304,2663.jpg,0
1305,2664.jpg,0
1306,2665.jpg,0
1307,2666.jpg,0
1308,2668.jpg,0
1309,2669.jpg,0
1310,2671.jpg,0
1311,2672.jpg,0
1312,2673.jpg,0
1313,2674.jpg,0
1314,2675.jpg,0
1315,2676.jpg,0
1316,2677.jpg,0
1317,2678.jpg,0
1318,2680.jpg,0
1319,2681.jpg,0
1320,2683.jpg,0
1321,2684.jpg,0
1322,2685.jpg,0
1323,2686.jpg,0
1324,2688.jpg,0
1325,2689.jpg,0
1326,269.jpg,0
1327,2691.jpg,0
1328,2692.jpg,0
1329,2693.jpg,0
1330,2695.jpg,0
1331,2696.jpg,0
1332,2697.jpg,0
1333,2698.jpg,0
1334,2699.jpg,0
1335,27.jpg,0
1336,270.jpg,0
1337,2703.jpg,0
1338,2704.jpg,0
1339,2705.jpg,0
1340,2707.jpg,0
1341,2709.jpg,0
1342,271.jpg,0
1343,2710.jpg,0
1344,2711.jpg,0
1345,2713.jpg,0
1346,2714.jpg,0
1347,2715.jpg,0
1348,2716.jpg,0
1349,272.jpg,0
1350,2720.jpg,0
1351,2721.jpg,0
1352,2723.jpg,0
1353,2724.jpg,0
1354,2725.jpg,0
1355,2726.jpg,0
1356,2727.jpg,0
1357,2728.jpg,0
1358,2729.jpg,0
1359,273.jpg,0
1360,2730.jpg,0
1361,2731.jpg,0
1362,2733.jpg,0
1363,2734.jpg,0
1364,2735.jpg,0
1365,2736.jpg,0
1366,2737.jpg,0
1367,2738.jpg,0
1368,2739.jpg,0
1369,274.jpg,0
1370,2740.jpg,0
1371,2743.jpg,0
1372,2747.jpg,0
1373,2748.jpg,0
1374,2749.jpg,0
1375,275.jpg,0
1376,2750.jpg,0
1377,2751.jpg,0
1378,2755.jpg,0
1379,2756.jpg,0
1380,2758.jpg,0
1381,276.jpg,0
1382,2760.jpg,0
1383,2762.jpg,0
1384,2764.jpg,0
1385,2766.jpg,0
1386,277.jpg,0
1387,2771.jpg,0
1388,2772.jpg,0
1389,2773.jpg,0
1390,2774.jpg,0
1391,2776.jpg,0
1392,2777.jpg,0
1393,2778.jpg,0
1394,2779.jpg,0
1395,278.jpg,0
1396,2780.jpg,0
1397,2781.jpg,0
1398,2783.jpg,0
1399,2785.jpg,0
1400,2786.jpg,0
1401,2787.jpg,0
1402,2788.jpg,0
1403,2789.jpg,0
1404,279.jpg,0
1405,2794.jpg,0
1406,2795.jpg,0
1407,2796.jpg,0
1408,2797.jpg,0
1409,2798.jpg,0
1410,2799.jpg,0
1411,2800.jpg,0
1412,2802.jpg,0
1413,2804.jpg,0
1414,2805.jpg,0
1415,2807.jpg,0
1416,2808.jpg,0
1417,2809.jpg,0
1418,281.jpg,0
1419,2810.jpg,0
1420,2811.jpg,0
1421,2814.jpg,0
1422,2815.jpg,0
1423,2816.jpg,0
1424,2817.jpg,0
1425,282.jpg,0
1426,2820.jpg,0
1427,2821.jpg,0
1428,2822.jpg,0
1429,2824.jpg,0
1430,2825.jpg,0
1431,2826.jpg,0
1432,2827.jpg,0
1433,2828.jpg,0
1434,2829.jpg,0
1435,283.jpg,0
1436,2830.jpg,0
1437,2831.jpg,0
1438,2833.jpg,0
1439,2835.jpg,0
1440,2837.jpg,0
1441,2838.jpg,0
1442,2839.jpg,0
1443,284.jpg,0
1444,2840.jpg,0
1445,2842.jpg,0
1446,2843.jpg,0
1447,2845.jpg,0
1448,2847.jpg,0
1449,2848.jpg,0
1450,285.jpg,0
1451,2850.jpg,0
1452,2852.jpg,0
1453,2853.jpg,0
1454,2854.jpg,0
1455,2856.jpg,0
1456,2857.jpg,0
1457,2859.jpg,0
1458,2860.jpg,0
1459,2861.jpg,0
1460,2862.jpg,0
1461,2864.jpg,0
1462,2865.jpg,0
1463,2867.jpg,0
1464,2868.jpg,0
1465,2869.jpg,0
1466,2872.jpg,0
1467,2873.jpg,0
1468,2874.jpg,0
1469,2876.jpg,0
1470,2877.jpg,0
1471,2878.jpg,0
1472,2879.jpg,0
1473,288.jpg,0
1474,2881.jpg,0
1475,2882.jpg,0
1476,2883.jpg,0
1477,2884.jpg,0
1478,2885.jpg,0
1479,2888.jpg,0
1480,2889.jpg,0
1481,289.jpg,0
1482,2890.jpg,0
1483,2891.jpg,0
1484,2892.jpg,0
1485,2893.jpg,0
1486,2894.jpg,0
1487,2896.jpg,0
1488,2898.jpg,0
1489,2899.jpg,0
1490,290.jpg,0
1491,2900.jpg,0
1492,2901.jpg,0
1493,2902.jpg,0
1494,2903.jpg,0
1495,2904.jpg,0
1496,2905.jpg,0
1497,2906.jpg,0
1498,2907.jpg,0
1499,2909.jpg,0
1500,2910.jpg,0
1501,2913.jpg,0
1502,2916.jpg,0
1503,2917.jpg,0
1504,2918.jpg,0
1505,2919.jpg,0
1506,292.jpg,0
1507,2920.jpg,0
1508,2924.jpg,0
1509,2925.jpg,0
1510,2926.jpg,0
1511,2927.jpg,0
1512,2928.jpg,0
1513,2929.jpg,0
1514,293.jpg,0
1515,2931.jpg,0
1516,2932.jpg,0
1517,2933.jpg,0
1518,2934.jpg,0
1519,2936.jpg,0
1520,2937.jpg,0
1521,2938.jpg,0
1522,2939.jpg,0
1523,294.jpg,0
1524,2940.jpg,0
1525,2941.jpg,0
1526,2943.jpg,0
1527,2944.jpg,0
1528,2945.jpg,0
1529,2948.jpg,0
1530,295.jpg,0
1531,2950.jpg,0
1532,2952.jpg,0
1533,2953.jpg,0
1534,2954.jpg,0
1535,2955.jpg,0
1536,2956.jpg,0
1537,2957.jpg,0
1538,2958.jpg,0
1539,296.jpg,0
1540,2960.jpg,0
1541,2961.jpg,0
1542,2963.jpg,0
1543,2964.jpg,0
1544,2965.jpg,0
1545,2966.jpg,0
1546,2967.jpg,0
1547,2968.jpg,0
1548,2969.jpg,0
1549,2971.jpg,0
1550,2972.jpg,0
1551,2973.jpg,0
1552,2974.jpg,0
1553,2976.jpg,0
1554,2977.jpg,0
1555,2978.jpg,0
1556,2979.jpg,0
1557,298.jpg,0
1558,2980.jpg,0
1559,2984.jpg,0
1560,2985.jpg,0
1561,2986.jpg,0
1562,2987.jpg,0
1563,2988.jpg,0
1564,2989.jpg,0
1565,2990.jpg,0
1566,2991.jpg,0
1567,2992.jpg,0
1568,2994.jpg,0
1569,2996.jpg,0
1570,2997.jpg,0
1571,2998.jpg,0
1572,2999.jpg,0
1573,30.jpg,0
1574,300.jpg,0
1575,3001.jpg,0
1576,3002.jpg,0
1577,3003.jpg,0
1578,3004.jpg,0
1579,3007.jpg,0
1580,3008.jpg,0
1581,3009.jpg,0
1582,301.jpg,0
1583,3010.jpg,0
1584,3011.jpg,0
1585,3012.jpg,0
1586,3013.jpg,0
1587,3015.jpg,0
1588,3016.jpg,0
1589,3017.jpg,0
1590,3018.jpg,0
1591,302.jpg,0
1592,3020.jpg,0
1593,3021.jpg,0
1594,3022.jpg,0
1595,3023.jpg,0
1596,3024.jpg,0
1597,3025.jpg,0
1598,3026.jpg,0
1599,3027.jpg,0
1600,3028.jpg,0
1601,3029.jpg,0
1602,303.jpg,0
1603,3030.jpg,0
1604,3033.jpg,0
1605,3034.jpg,0
1606,3035.jpg,0
1607,3036.jpg,0
1608,3037.jpg,0
1609,3038.jpg,0
1610,3039.jpg,0
1611,3042.jpg,0
1612,3043.jpg,0
1613,3044.jpg,0
1614,3045.jpg,0
1615,3046.jpg,0
1616,3047.jpg,0
1617,3048.jpg,0
1618,3049.jpg,0
1619,305.jpg,0
1620,3050.jpg,0
1621,3052.jpg,0
1622,3053.jpg,0
1623,3055.jpg,0
1624,3056.jpg,0
1625,3057.jpg,0
1626,3058.jpg,0
1627,3059.jpg,0
1628,306.jpg,0
1629,3062.jpg,0
1630,3063.jpg,0
1631,3065.jpg,0
1632,3066.jpg,0
1633,3067.jpg,0
1634,3068.jpg,0
1635,3069.jpg,0
1636,3070.jpg,0
1637,3071.jpg,0
1638,3072.jpg,0
1639,3073.jpg,0
1640,3074.jpg,0
1641,3075.jpg,0
1642,3076.jpg,0
1643,3077.jpg,0
1644,308.jpg,0
1645,3080.jpg,0
1646,3082.jpg,0
1647,3083.jpg,0
1648,3084.jpg,0
1649,3085.jpg,0
1650,3086.jpg,0
1651,3087.jpg,0
1652,3088.jpg,0
1653,3089.jpg,0
1654,309.jpg,0
1655,3091.jpg,0
1656,3092.jpg,0
1657,3094.jpg,0
1658,3095.jpg,0
1659,3096.jpg,0
1660,3098.jpg,0
1661,3099.jpg,0
1662,31.jpg,0
1663,310.jpg,0
1664,3100.jpg,0
1665,3101.jpg,0
1666,3102.jpg,0
1667,3104.jpg,0
1668,3105.jpg,0
1669,3107.jpg,0
1670,3108.jpg,0
1671,3109.jpg,0
1672,311.jpg,0
1673,3111.jpg,0
1674,3112.jpg,0
1675,3113.jpg,0
1676,3114.jpg,0
1677,3117.jpg,0
1678,3119.jpg,0
1679,312.jpg,0
1680,3120.jpg,0
1681,3121.jpg,0
1682,3123.jpg,0
1683,3124.jpg,0
1684,3125.jpg,0
1685,3127.jpg,0
1686,3128.jpg,0
1687,3129.jpg,0
1688,313.jpg,0
1689,3132.jpg,0
1690,3134.jpg,0
1691,3135.jpg,0
1692,3136.jpg,0
1693,3137.jpg,0
1694,3138.jpg,0
1695,314.jpg,0
1696,3140.jpg,0
1697,3141.jpg,0
1698,3142.jpg,0
1699,3143.jpg,0
1700,3145.jpg,0
1701,3146.jpg,0
1702,3148.jpg,0
1703,315.jpg,0
1704,3150.jpg,0
1705,3151.jpg,0
1706,3154.jpg,0
1707,3155.jpg,0
1708,3157.jpg,0
1709,3158.jpg,0
1710,3159.jpg,0
1711,316.jpg,0
1712,3162.jpg,0
1713,3164.jpg,0
1714,3165.jpg,0
1715,3166.jpg,0
1716,3167.jpg,0
1717,317.jpg,0
1718,3170.jpg,0
1719,3171.jpg,0
1720,3172.jpg,0
1721,3174.jpg,0
1722,3175.jpg,0
1723,318.jpg,0
1724,3181.jpg,0
1725,3184.jpg,0
1726,3185.jpg,0
1727,3186.jpg,0
1728,3187.jpg,0
1729,3188.jpg,0
1730,319.jpg,0
1731,3190.jpg,0
1732,3192.jpg,0
1733,3193.jpg,0
1734,3194.jpg,0
1735,3196.jpg,0
1736,3198.jpg,0
1737,3199.jpg,0
1738,32.jpg,0
1739,320.jpg,0
1740,3200.jpg,0
1741,3201.jpg,0
1742,3204.jpg,0
1743,3206.jpg,0
1744,3207.jpg,0
1745,3208.jpg,0
1746,3209.jpg,0
1747,3210.jpg,0
1748,3211.jpg,0
1749,3212.jpg,0
1750,3213.jpg,0
1751,3214.jpg,0
1752,3215.jpg,0
1753,3217.jpg,0
1754,3218.jpg,0
1755,3219.jpg,0
1756,3221.jpg,0
1757,3222.jpg,0
1758,3224.jpg,0
1759,3227.jpg,0
1760,3228.jpg,0
1761,3234.jpg,0
1762,3235.jpg,0
1763,3236.jpg,0
1764,3237.jpg,0
1765,3241.jpg,0
1766,3243.jpg,0
1767,3246.jpg,0
1768,3247.jpg,0
1769,3248.jpg,0
1770,325.jpg,0
1771,3250.jpg,0
1772,3251.jpg,0
1773,3252.jpg,0
1774,3254.jpg,0
1775,3256.jpg,0
1776,3257.jpg,0
1777,3258.jpg,0
1778,3259.jpg,0
1779,3260.jpg,0
1780,3261.jpg,0
1781,3262.jpg,0
1782,3264.jpg,0
1783,3268.jpg,0
1784,3269.jpg,0
1785,327.jpg,0
1786,3271.jpg,0
1787,3272.jpg,0
1788,3273.jpg,0
1789,3274.jpg,0
1790,3275.jpg,0
1791,3276.jpg,0
1792,3277.jpg,0
1793,3278.jpg,0
1794,3279.jpg,0
1795,328.jpg,0
1796,3281.jpg,0
1797,3284.jpg,0
1798,3285.jpg,0
1799,3286.jpg,0
1800,3289.jpg,0
1801,329.jpg,0
1802,3291.jpg,0
1803,3292.jpg,0
1804,3296.jpg,0
1805,3297.jpg,0
1806,3299.jpg,0
1807,33.jpg,0
1808,330.jpg,0
1809,3300.jpg,0
1810,3301.jpg,0
1811,3304.jpg,0
1812,3305.jpg,0
1813,3306.jpg,0
1814,3308.jpg,0
1815,3309.jpg,0
1816,331.jpg,0
1817,3310.jpg,0
1818,3311.jpg,0
1819,3312.jpg,0
1820,3313.jpg,0
1821,3314.jpg,0
1822,3315.jpg,0
1823,3316.jpg,0
1824,3317.jpg,0
1825,3318.jpg,0
1826,3319.jpg,0
1827,332.jpg,0
1828,3320.jpg,0
1829,3321.jpg,0
1830,3322.jpg,0
1831,3323.jpg,0
1832,3324.jpg,0
1833,3325.jpg,0
1834,3327.jpg,0
1835,3328.jpg,0
1836,3329.jpg,0
1837,3332.jpg,0
1838,3333.jpg,0
1839,3334.jpg,0
1840,3336.jpg,0
1841,3339.jpg,0
1842,334.jpg,0
1843,3340.jpg,0
1844,3341.jpg,0
1845,3342.jpg,0
1846,3343.jpg,0
1847,3345.jpg,0
1848,3346.jpg,0
1849,3349.jpg,0
1850,3354.jpg,0
1851,3355.jpg,0
1852,3357.jpg,0
1853,3358.jpg,0
1854,3359.jpg,0
1855,336.jpg,0
1856,3361.jpg,0
1857,3362.jpg,0
1858,3363.jpg,0
1859,3364.jpg,0
1860,3367.jpg,0
1861,3368.jpg,0
1862,3369.jpg,0
1863,337.jpg,0
1864,3371.jpg,0
1865,3372.jpg,0
1866,3373.jpg,0
1867,3374.jpg,0
1868,3375.jpg,0
1869,3376.jpg,0
1870,3377.jpg,0
1871,3378.jpg,0
1872,3379.jpg,0
1873,338.jpg,0
1874,3380.jpg,0
1875,3382.jpg,0
1876,3383.jpg,0
1877,3385.jpg,0
1878,3387.jpg,0
1879,3389.jpg,0
1880,339.jpg,0
1881,3391.jpg,0
1882,3394.jpg,0
1883,3396.jpg,0
1884,34.jpg,0
1885,342.jpg,0
1886,343.jpg,0
1887,345.jpg,0
1888,347.jpg,0
1889,348.jpg,0
1890,349.jpg,0
1891,350.jpg,0
1892,351.jpg,0
1893,352.jpg,0
1894,353.jpg,0
1895,354.jpg,0
1896,355.jpg,0
1897,356.jpg,0
1898,357.jpg,0
1899,358.jpg,0
1900,359.jpg,0
1901,36.jpg,0
1902,360.jpg,0
1903,361.jpg,0
1904,364.jpg,0
1905,365.jpg,0
1906,366.jpg,0
1907,368.jpg,0
1908,369.jpg,0
1909,37.jpg,0
1910,370.jpg,0
1911,371.jpg,0
1912,372.jpg,0
1913,373.jpg,0
1914,374.jpg,0
1915,375.jpg,0
1916,376.jpg,0
1917,377.jpg,0
1918,378.jpg,0
1919,379.jpg,0
1920,380.jpg,0
1921,381.jpg,0
1922,382.jpg,0
1923,383.jpg,0
1924,384.jpg,0
1925,385.jpg,0
1926,386.jpg,0
1927,388.jpg,0
1928,389.jpg,0
1929,39.jpg,0
1930,390.jpg,0
1931,391.jpg,0
1932,392.jpg,0
1933,393.jpg,0
1934,394.jpg,0
1935,395.jpg,0
1936,396.jpg,0
1937,397.jpg,0
1938,398.jpg,0
1939,399.jpg,0
1940,4.jpg,0
1941,40.jpg,0
1942,400.jpg,0
1943,402.jpg,0
1944,403.jpg,0
1945,404.jpg,0
1946,406.jpg,0
1947,407.jpg,0
1948,408.jpg,0
1949,409.jpg,0
1950,410.jpg,0
1951,411.jpg,0
1952,412.jpg,0
1953,413.jpg,0
1954,415.jpg,0
1955,416.jpg,0
1956,417.jpg,0
1957,418.jpg,0
1958,42.jpg,0
1959,420.jpg,0
1960,421.jpg,0
1961,422.jpg,0
1962,423.jpg,0
1963,424.jpg,0
1964,425.jpg,0
1965,426.jpg,0
1966,427.jpg,0
1967,429.jpg,0
1968,43.jpg,0
1969,430.jpg,0
1970,433.jpg,0
1971,434.jpg,0
1972,435.jpg,0
1973,436.jpg,0
1974,437.jpg,0
1975,438.jpg,0
1976,439.jpg,0
1977,440.jpg,0
1978,441.jpg,0
1979,443.jpg,0
1980,446.jpg,0
1981,447.jpg,0
1982,45.jpg,0
1983,450.jpg,0
1984,451.jpg,0
1985,452.jpg,0
1986,453.jpg,0
1987,455.jpg,0
1988,456.jpg,0
1989,458.jpg,0
1990,459.jpg,0
1991,46.jpg,0
1992,462.jpg,0
1993,463.jpg,0
1994,467.jpg,0
1995,468.jpg,0
1996,469.jpg,0
1997,47.jpg,0
1998,470.jpg,0
1999,471.jpg,0
2000,474.jpg,0
2001,479.jpg,0
2002,48.jpg,0
2003,480.jpg,0
2004,481.jpg,0
2005,482.jpg,0
2006,485.jpg,0
2007,487.jpg,0
2008,489.jpg,0
2009,490.jpg,0
2010,491.jpg,0
2011,493.jpg,0
2012,494.jpg,0
2013,495.jpg,0
2014,496.jpg,0
2015,497.jpg,0
2016,498.jpg,0
2017,499.jpg,0
2018,5.jpg,0
2019,50.jpg,0
2020,500.jpg,0
2021,502.jpg,0
2022,503.jpg,0
2023,504.jpg,0
2024,505.jpg,0
2025,507.jpg,0
2026,509.jpg,0
2027,51.jpg,0
2028,512.jpg,0
2029,513.jpg,0
2030,514.jpg,0
2031,515.jpg,0
2032,516.jpg,0
2033,519.jpg,0
2034,520.jpg,0
2035,521.jpg,0
2036,522.jpg,0
2037,523.jpg,0
2038,524.jpg,0
2039,525.jpg,0
2040,528.jpg,0
2041,529.jpg,0
2042,53.jpg,0
2043,531.jpg,0
2044,535.jpg,0
2045,538.jpg,0
2046,539.jpg,0
2047,54.jpg,0
2048,543.jpg,0
2049,545.jpg,0
2050,547.jpg,0
2051,548.jpg,0
2052,55.jpg,0
2053,552.jpg,0
2054,553.jpg,0
2055,554.jpg,0
2056,555.jpg,0
2057,558.jpg,0
2058,559.jpg,0
2059,56.jpg,0
2060,560.jpg,0
2061,562.jpg,0
2062,563.jpg,0
2063,564.jpg,0
2064,567.jpg,0
2065,569.jpg,0
2066,57.jpg,0
2067,570.jpg,0
2068,571.jpg,0
2069,573.jpg,0
2070,574.jpg,0
2071,576.jpg,0
2072,577.jpg,0
2073,579.jpg,0
2074,58.jpg,0
2075,582.jpg,0
2076,583.jpg,0
2077,584.jpg,0
2078,585.jpg,0
2079,587.jpg,0
2080,588.jpg,0
2081,589.jpg,0
2082,59.jpg,0
2083,590.jpg,0
2084,592.jpg,0
2085,593.jpg,0
2086,594.jpg,0
2087,595.jpg,0
2088,596.jpg,0
2089,597.jpg,0
2090,598.jpg,0
2091,6.jpg,0
2092,60.jpg,0
2093,600.jpg,0
2094,601.jpg,0
2095,602.jpg,0
2096,603.jpg,0
2097,606.jpg,0
2098,607.jpg,0
2099,608.jpg,0
2100,609.jpg,0
2101,61.jpg,0
2102,610.jpg,0
2103,611.jpg,0
2104,613.jpg,0
2105,614.jpg,0
2106,615.jpg,0
2107,616.jpg,0
2108,617.jpg,0
2109,62.jpg,0
2110,620.jpg,0
2111,621.jpg,0
2112,622.jpg,0
2113,624.jpg,0
2114,625.jpg,0
2115,626.jpg,0
2116,627.jpg,0
2117,628.jpg,0
2118,63.jpg,0
2119,631.jpg,0
2120,632.jpg,0
2121,635.jpg,0
2122,636.jpg,0
2123,638.jpg,0
2124,639.jpg,0
2125,64.jpg,0
2126,640.jpg,0
2127,644.jpg,0
2128,645.jpg,0
2129,647.jpg,0
2130,648.jpg,0
2131,649.jpg,0
2132,65.jpg,0
2133,651.jpg,0
2134,653.jpg,0
2135,655.jpg,0
2136,656.jpg,0
2137,658.jpg,0
2138,659.jpg,0
2139,660.jpg,0
2140,661.jpg,0
2141,662.jpg,0
2142,663.jpg,0
2143,664.jpg,0
2144,666.jpg,0
2145,667.jpg,0
2146,668.jpg,0
2147,669.jpg,0
2148,67.jpg,0
2149,671.jpg,0
2150,672.jpg,0
2151,673.jpg,0
2152,674.jpg,0
2153,675.jpg,0
2154,676.jpg,0
2155,678.jpg,0
2156,679.jpg,0
2157,68.jpg,0
2158,680.jpg,0
2159,683.jpg,0
2160,684.jpg,0
2161,685.jpg,0
2162,687.jpg,0
2163,688.jpg,0
2164,689.jpg,0
2165,69.jpg,0
2166,692.jpg,0
2167,694.jpg,0
2168,696.jpg,0
2169,697.jpg,0
2170,698.jpg,0
2171,699.jpg,0
2172,700.jpg,0
2173,701.jpg,0
2174,702.jpg,0
2175,704.jpg,0
2176,705.jpg,0
2177,707.jpg,0
2178,708.jpg,0
2179,71.jpg,0
2180,710.jpg,0
2181,711.jpg,0
2182,712.jpg,0
2183,713.jpg,0
2184,715.jpg,0
2185,716.jpg,0
2186,717.jpg,0
2187,718.jpg,0
2188,721.jpg,0
2189,723.jpg,0
2190,724.jpg,0
2191,726.jpg,0
2192,728.jpg,0
2193,729.jpg,0
2194,731.jpg,0
2195,735.jpg,0
2196,737.jpg,0
2197,738.jpg,0
2198,739.jpg,0
2199,74.jpg,0
2200,740.jpg,0
2201,746.jpg,0
2202,747.jpg,0
2203,748.jpg,0
2204,749.jpg,0
2205,75.jpg,0
2206,750.jpg,0
2207,751.jpg,0
2208,752.jpg,0
2209,753.jpg,0
2210,754.jpg,0
2211,755.jpg,0
2212,756.jpg,0
2213,758.jpg,0
2214,76.jpg,0
2215,761.jpg,0
2216,763.jpg,0
2217,766.jpg,0
2218,767.jpg,0
2219,768.jpg,0
2220,769.jpg,0
2221,77.jpg,0
2222,770.jpg,0
2223,771.jpg,0
2224,772.jpg,0
2225,773.jpg,0
2226,774.jpg,0
2227,775.jpg,0
2228,776.jpg,0
2229,778.jpg,0
2230,78.jpg,0
2231,780.jpg,0
2232,781.jpg,0
2233,782.jpg,0
2234,785.jpg,0
2235,786.jpg,0
2236,788.jpg,0
2237,79.jpg,0
2238,791.jpg,0
2239,792.jpg,0
2240,793.jpg,0
2241,794.jpg,0
2242,795.jpg,0
2243,796.jpg,0
2244,8.jpg,0
2245,800.jpg,0
2246,802.jpg,0
2247,804.jpg,0
2248,805.jpg,0
2249,806.jpg,0
2250,807.jpg,0
2251,809.jpg,0
2252,81.jpg,0
2253,810.jpg,0
2254,813.jpg,0
2255,814.jpg,0
2256,815.jpg,0
2257,816.jpg,0
2258,817.jpg,0
2259,818.jpg,0
2260,819.jpg,0
2261,820.jpg,0
2262,821.jpg,0
2263,823.jpg,0
2264,824.jpg,0
2265,825.jpg,0
2266,826.jpg,0
2267,827.jpg,0
2268,829.jpg,0
2269,83.jpg,0
2270,830.jpg,0
2271,831.jpg,0
2272,832.jpg,0
2273,833.jpg,0
2274,834.jpg,0
2275,835.jpg,0
2276,836.jpg,0
2277,837.jpg,0
2278,839.jpg,0
2279,84.jpg,0
2280,841.jpg,0
2281,842.jpg,0
2282,843.jpg,0
2283,844.jpg,0
2284,847.jpg,0
2285,848.jpg,0
2286,849.jpg,0
2287,85.jpg,0
2288,850.jpg,0
2289,852.jpg,0
2290,853.jpg,0
2291,854.jpg,0
2292,856.jpg,0
2293,862.jpg,0
2294,864.jpg,0
2295,865.jpg,0
2296,866.jpg,0
2297,867.jpg,0
2298,868.jpg,0
2299,869.jpg,0
2300,87.jpg,0
2301,871.jpg,0
2302,872.jpg,0
2303,873.jpg,0
2304,875.jpg,0
2305,876.jpg,0
2306,878.jpg,0
2307,879.jpg,0
2308,88.jpg,0
2309,880.jpg,0
2310,881.jpg,0
2311,882.jpg,0
2312,883.jpg,0
2313,884.jpg,0
2314,886.jpg,0
2315,887.jpg,0
2316,888.jpg,0
2317,89.jpg,0
2318,890.jpg,0
2319,893.jpg,0
2320,895.jpg,0
2321,896.jpg,0
2322,897.jpg,0
2323,898.jpg,0
2324,899.jpg,0
2325,9.jpg,0
2326,900.jpg,0
2327,901.jpg,0
2328,904.jpg,0
2329,905.jpg,0
2330,906.jpg,0
2331,907.jpg,0
2332,909.jpg,0
2333,910.jpg,0
2334,911.jpg,0
2335,912.jpg,0
2336,916.jpg,0
2337,918.jpg,0
2338,92.jpg,0
2339,921.jpg,0
2340,922.jpg,0
2341,923.jpg,0
2342,924.jpg,0
2343,926.jpg,0
2344,927.jpg,0
2345,929.jpg,0
2346,93.jpg,0
2347,930.jpg,0
2348,931.jpg,0
2349,933.jpg,0
2350,935.jpg,0
2351,937.jpg,0
2352,938.jpg,0
2353,942.jpg,0
2354,943.jpg,0
2355,944.jpg,0
2356,945.jpg,0
2357,946.jpg,0
2358,947.jpg,0
2359,948.jpg,0
2360,95.jpg,0
2361,953.jpg,0
2362,954.jpg,0
2363,960.jpg,0
2364,961.jpg,0
2365,964.jpg,0
2366,965.jpg,0
2367,966.jpg,0
2368,967.jpg,0
2369,968.jpg,0
2370,969.jpg,0
2371,97.jpg,0
2372,970.jpg,0
2373,973.jpg,0
2374,974.jpg,0
2375,975.jpg,0
2376,976.jpg,0
2377,978.jpg,0
2378,979.jpg,0
2379,98.jpg,0
2380,980.jpg,0
2381,981.jpg,0
2382,982.jpg,0
2383,983.jpg,0
2384,985.jpg,0
2385,986.jpg,0
2386,988.jpg,0
2387,989.jpg,0
2388,99.jpg,0
2389,992.jpg,0
2390,994.jpg,0
2391,995.jpg,0
2392,997.jpg,0
0,3398.jpg,1
1,3401.jpg,1
2,3402.jpg,1
3,3403.jpg,1
4,3405.jpg,1
5,3406.jpg,1
6,3407.jpg,1
7,3409.jpg,1
8,3411.jpg,1
9,3412.jpg,1
10,3413.jpg,1
11,3414.jpg,1
12,3415.jpg,1
13,3416.jpg,1
14,3417.jpg,1
15,3418.jpg,1
16,3419.jpg,1
17,3420.jpg,1
18,3421.jpg,1
19,3424.jpg,1
20,3425.jpg,1
21,3426.jpg,1
22,3428.jpg,1
23,3429.jpg,1
24,3430.jpg,1
25,3434.jpg,1
26,3436.jpg,1
27,3437.jpg,1
28,3438.jpg,1
29,3439.jpg,1
30,3440.jpg,1
31,3443.jpg,1
32,3444.jpg,1
33,3445.jpg,1
34,3446.jpg,1
35,3447.jpg,1
36,3448.jpg,1
37,3454.jpg,1
38,3456.jpg,1
39,3460.jpg,1
40,3461.jpg,1
41,3462.jpg,1
42,3463.jpg,1
43,3464.jpg,1
44,3466.jpg,1
45,3467.jpg,1
46,3468.jpg,1
47,3469.jpg,1
48,3470.jpg,1
49,3471.jpg,1
50,3473.jpg,1
51,3474.jpg,1
52,3475.jpg,1
53,3476.jpg,1
54,3478.jpg,1
55,3479.jpg,1
56,3480.jpg,1
57,3481.jpg,1
58,3484.jpg,1
59,3485.jpg,1
60,3488.jpg,1
61,3489.jpg,1
62,3490.jpg,1
63,3491.jpg,1
64,3492.jpg,1
65,3493.jpg,1
66,3494.jpg,1
67,3496.jpg,1
68,3497.jpg,1
69,3498.jpg,1
70,3499.jpg,1
71,3500.jpg,1
72,3501.jpg,1
73,3503.jpg,1
74,3508.jpg,1
75,3509.jpg,1
76,3511.jpg,1
77,3513.jpg,1
78,3515.jpg,1
79,3517.jpg,1
80,3518.jpg,1
81,3519.jpg,1
82,3520.jpg,1
83,3521.jpg,1
84,3522.jpg,1
85,3525.jpg,1
86,3527.jpg,1
87,3528.jpg,1
88,3529.jpg,1
89,3530.jpg,1
90,3531.jpg,1
91,3532.jpg,1
92,3534.jpg,1
93,3536.jpg,1
94,3538.jpg,1
95,3539.jpg,1
96,3540.jpg,1
97,3543.jpg,1
98,3544.jpg,1
99,3545.jpg,1
100,3547.jpg,1
101,3548.jpg,1
102,3549.jpg,1
103,3550.jpg,1
104,3554.jpg,1
105,3556.jpg,1
106,3558.jpg,1
107,3559.jpg,1
108,3560.jpg,1
109,3561.jpg,1
110,3562.jpg,1
111,3563.jpg,1
112,3564.jpg,1
113,3565.jpg,1
114,3566.jpg,1
115,3567.jpg,1
116,3568.jpg,1
117,3569.jpg,1
118,3570.jpg,1
119,3571.jpg,1
120,3573.jpg,1
121,3574.jpg,1
122,3576.jpg,1
123,3577.jpg,1
124,3579.jpg,1
125,3580.jpg,1
126,3581.jpg,1
127,3583.jpg,1
128,3585.jpg,1
129,3586.jpg,1
130,3587.jpg,1
131,3588.jpg,1
132,3589.jpg,1
133,3590.jpg,1
134,3591.jpg,1
135,3592.jpg,1
136,3593.jpg,1
137,3594.jpg,1
138,3595.jpg,1
139,3596.jpg,1
140,3597.jpg,1
141,3598.jpg,1
142,3599.jpg,1
143,3600.jpg,1
144,3601.jpg,1
145,3603.jpg,1
146,3604.jpg,1
147,3605.jpg,1
148,3606.jpg,1
149,3607.jpg,1
150,3608.jpg,1
151,3609.jpg,1
152,3610.jpg,1
153,3611.jpg,1
154,3613.jpg,1
155,3614.jpg,1
156,3615.jpg,1
157,3616.jpg,1
158,3617.jpg,1
159,3618.jpg,1
160,3619.jpg,1
161,3620.jpg,1
162,3622.jpg,1
163,3623.jpg,1
164,3624.jpg,1
165,3625.jpg,1
166,3626.jpg,1
167,3628.jpg,1
168,3629.jpg,1
169,3630.jpg,1
170,3631.jpg,1
171,3633.jpg,1
172,3634.jpg,1
173,3635.jpg,1
174,3636.jpg,1
175,3637.jpg,1
176,3638.jpg,1
177,3640.jpg,1
178,3641.jpg,1
179,3642.jpg,1
180,3643.jpg,1
181,3647.jpg,1
182,3649.jpg,1
183,3651.jpg,1
184,3652.jpg,1
185,3653.jpg,1
186,3654.jpg,1
187,3655.jpg,1
188,3656.jpg,1
189,3657.jpg,1
190,3659.jpg,1
191,3660.jpg,1
192,3661.jpg,1
193,3662.jpg,1
194,3663.jpg,1
195,3664.jpg,1
196,3665.jpg,1
197,3667.jpg,1
198,3669.jpg,1
199,3672.jpg,1
200,3675.jpg,1
201,3676.jpg,1
202,3677.jpg,1
203,3678.jpg,1
204,3680.jpg,1
205,3682.jpg,1
206,3683.jpg,1
207,3684.jpg,1
208,3685.jpg,1
209,3686.jpg,1
210,3687.jpg,1
211,3689.jpg,1
212,3695.jpg,1
213,3696.jpg,1
214,3699.jpg,1
215,3703.jpg,1
216,3704.jpg,1
217,3705.jpg,1
218,3706.jpg,1
219,3707.jpg,1
220,3708.jpg,1
221,3709.jpg,1
222,3711.jpg,1
223,3712.jpg,1
224,3713.jpg,1
225,3714.jpg,1
226,3715.jpg,1
227,3716.jpg,1
228,3717.jpg,1
229,3718.jpg,1
230,3719.jpg,1
231,3720.jpg,1
232,3722.jpg,1
233,3724.jpg,1
234,3725.jpg,1
235,3726.jpg,1
236,3727.jpg,1
237,3728.jpg,1
238,3729.jpg,1
239,3731.jpg,1
240,3732.jpg,1
241,3733.jpg,1
242,3734.jpg,1
243,3735.jpg,1
244,3736.jpg,1
245,3738.jpg,1
246,3739.jpg,1
247,3740.jpg,1
248,3741.jpg,1
249,3742.jpg,1
250,3743.jpg,1
251,3744.jpg,1
252,3745.jpg,1
253,3747.jpg,1
254,3748.jpg,1
255,3750.jpg,1
256,3751.jpg,1
257,3752.jpg,1
258,3753.jpg,1
259,3755.jpg,1
260,3758.jpg,1
261,3759.jpg,1
262,3760.jpg,1
263,3763.jpg,1
264,3764.jpg,1
265,3765.jpg,1
266,3766.jpg,1
267,3767.jpg,1
268,3768.jpg,1
269,3770.jpg,1
270,3772.jpg,1
271,3773.jpg,1
272,3774.jpg,1
273,3776.jpg,1
274,3777.jpg,1
275,3778.jpg,1
276,3779.jpg,1
277,3780.jpg,1
278,3781.jpg,1
279,3782.jpg,1
280,3784.jpg,1
281,3788.jpg,1
282,3791.jpg,1
283,3792.jpg,1
284,3793.jpg,1
285,3794.jpg,1
286,3795.jpg,1
287,3796.jpg,1
288,3797.jpg,1
289,3799.jpg,1
290,3801.jpg,1
291,3802.jpg,1
292,3803.jpg,1
293,3805.jpg,1
294,3806.jpg,1
295,3807.jpg,1
296,3808.jpg,1
297,3810.jpg,1
298,3811.jpg,1
299,3812.jpg,1
300,3813.jpg,1
301,3814.jpg,1
302,3815.jpg,1
303,3816.jpg,1
304,3818.jpg,1
305,3819.jpg,1
306,3821.jpg,1
307,3822.jpg,1
308,3824.jpg,1
309,3825.jpg,1
310,3826.jpg,1
311,3827.jpg,1
312,3829.jpg,1
313,3833.jpg,1
314,3840.jpg,1
315,3842.jpg,1
316,3844.jpg,1
317,3847.jpg,1
318,3848.jpg,1
319,3849.jpg,1
320,3850.jpg,1
321,3851.jpg,1
322,3852.jpg,1
323,3853.jpg,1
324,3854.jpg,1
325,3856.jpg,1
326,3857.jpg,1
327,3858.jpg,1
328,3859.jpg,1
329,3860.jpg,1
330,3862.jpg,1
331,3863.jpg,1
332,3864.jpg,1
333,3865.jpg,1
334,3866.jpg,1
335,3867.jpg,1
336,3868.jpg,1
337,3870.jpg,1
338,3871.jpg,1
339,3876.jpg,1
340,3877.jpg,1
341,3878.jpg,1
342,3879.jpg,1
343,3880.jpg,1
344,3883.jpg,1
345,3885.jpg,1
346,3886.jpg,1
347,3887.jpg,1
348,3893.jpg,1
349,3894.jpg,1
350,3895.jpg,1
351,3897.jpg,1
352,3898.jpg,1
353,3899.jpg,1
354,3903.jpg,1
355,3905.jpg,1
356,3906.jpg,1
357,3907.jpg,1
358,3908.jpg,1
359,3909.jpg,1
360,3910.jpg,1
361,3911.jpg,1
362,3913.jpg,1
363,3914.jpg,1
364,3915.jpg,1
365,3916.jpg,1
366,3917.jpg,1
367,3921.jpg,1
368,3922.jpg,1
369,3923.jpg,1
370,3924.jpg,1
371,3925.jpg,1
372,3927.jpg,1
373,3929.jpg,1
374,3930.jpg,1
375,3931.jpg,1
376,3932.jpg,1
377,3933.jpg,1
378,3934.jpg,1
379,3936.jpg,1
380,3937.jpg,1
381,3940.jpg,1
382,3941.jpg,1
383,3942.jpg,1
384,3943.jpg,1
385,3944.jpg,1
386,3945.jpg,1
387,3946.jpg,1
388,3947.jpg,1
389,3948.jpg,1
390,3949.jpg,1
391,3950.jpg,1
392,3952.jpg,1
393,3954.jpg,1
394,3955.jpg,1
395,3956.jpg,1
396,3957.jpg,1
397,3958.jpg,1
398,3960.jpg,1
399,3961.jpg,1
400,3962.jpg,1
401,3963.jpg,1
402,3964.jpg,1
403,3966.jpg,1
404,3967.jpg,1
405,3968.jpg,1
406,3972.jpg,1
407,3973.jpg,1
408,3974.jpg,1
409,3975.jpg,1
410,3976.jpg,1
411,3979.jpg,1
412,3980.jpg,1
413,3981.jpg,1
414,3982.jpg,1
415,3983.jpg,1
416,3986.jpg,1
417,3988.jpg,1
418,3989.jpg,1
419,3991.jpg,1
420,3993.jpg,1
421,3995.jpg,1
422,3999.jpg,1
423,4000.jpg,1
424,4001.jpg,1
425,4002.jpg,1
426,4003.jpg,1
427,4004.jpg,1
428,4005.jpg,1
429,4007.jpg,1
430,4008.jpg,1
431,4010.jpg,1
432,4011.jpg,1
433,4012.jpg,1
434,4013.jpg,1
435,4014.jpg,1
436,4015.jpg,1
437,4016.jpg,1
438,4020.jpg,1
439,4021.jpg,1
440,4022.jpg,1
441,4023.jpg,1
442,4024.jpg,1
443,4025.jpg,1
444,4026.jpg,1
445,4027.jpg,1
446,4028.jpg,1
447,4030.jpg,1
448,4031.jpg,1
449,4032.jpg,1
450,4033.jpg,1
451,4034.jpg,1
452,4036.jpg,1
453,4037.jpg,1
454,4040.jpg,1
455,4041.jpg,1
456,4042.jpg,1
457,4044.jpg,1
458,4045.jpg,1
459,4046.jpg,1
460,4047.jpg,1
461,4049.jpg,1
462,4050.jpg,1
463,4057.jpg,1
464,4058.jpg,1
465,4061.jpg,1
466,4062.jpg,1
467,4063.jpg,1
468,4064.jpg,1
469,4065.jpg,1
470,4066.jpg,1
471,4068.jpg,1
472,4069.jpg,1
473,4070.jpg,1
474,4071.jpg,1
475,4072.jpg,1
476,4073.jpg,1
477,4074.jpg,1
478,4075.jpg,1
479,4076.jpg,1
480,4077.jpg,1
481,4080.jpg,1
482,4082.jpg,1
483,4083.jpg,1
484,4084.jpg,1
485,4086.jpg,1
486,4087.jpg,1
487,4088.jpg,1
488,4089.jpg,1
489,4090.jpg,1
490,4091.jpg,1
491,4092.jpg,1
492,4094.jpg,1
493,4095.jpg,1
494,4098.jpg,1
495,4100.jpg,1
496,4101.jpg,1
497,4103.jpg,1
498,4107.jpg,1
499,4109.jpg,1
500,4110.jpg,1
501,4113.jpg,1
502,4114.jpg,1
503,4115.jpg,1
504,4116.jpg,1
505,4119.jpg,1
506,4120.jpg,1
507,4122.jpg,1
508,4124.jpg,1
509,4126.jpg,1
510,4127.jpg,1
511,4129.jpg,1
512,4130.jpg,1
513,4131.jpg,1
514,4132.jpg,1
515,4133.jpg,1
516,4134.jpg,1
517,4135.jpg,1
518,4136.jpg,1
519,4137.jpg,1
520,4138.jpg,1
521,4139.jpg,1
522,4140.jpg,1
523,4141.jpg,1
524,4142.jpg,1
525,4144.jpg,1
526,4145.jpg,1
527,4146.jpg,1
528,4147.jpg,1
529,4148.jpg,1
530,4149.jpg,1
531,4151.jpg,1
532,4153.jpg,1
533,4154.jpg,1
534,4155.jpg,1
535,4156.jpg,1
536,4158.jpg,1
537,4159.jpg,1
538,4160.jpg,1
539,4161.jpg,1
540,4162.jpg,1
541,4163.jpg,1
542,4165.jpg,1
543,4166.jpg,1
544,4168.jpg,1
545,4169.jpg,1
546,4171.jpg,1
547,4173.jpg,1
548,4174.jpg,1
549,4175.jpg,1
550,4176.jpg,1
551,4178.jpg,1
552,4179.jpg,1
553,4180.jpg,1
554,4181.jpg,1
555,4182.jpg,1
556,4184.jpg,1
557,4185.jpg,1
558,4187.jpg,1
559,4188.jpg,1
560,4190.jpg,1
561,4191.jpg,1
562,4192.jpg,1
563,4194.jpg,1
564,4196.jpg,1
565,4198.jpg,1
566,4200.jpg,1
567,4202.jpg,1
568,4203.jpg,1
569,4205.jpg,1
570,4206.jpg,1
571,4207.jpg,1
572,4214.jpg,1
573,4215.jpg,1
574,4216.jpg,1
575,4218.jpg,1
576,4219.jpg,1
577,4220.jpg,1
578,4221.jpg,1
579,4224.jpg,1
580,4226.jpg,1
581,4227.jpg,1
582,4228.jpg,1
583,4231.jpg,1
584,4232.jpg,1
585,4234.jpg,1
586,4235.jpg,1
587,4237.jpg,1
588,4238.jpg,1
589,4239.jpg,1
590,4240.jpg,1
591,4243.jpg,1
592,4245.jpg,1
593,4246.jpg,1
594,4248.jpg,1
595,4249.jpg,1
596,4250.jpg,1
597,4252.jpg,1
598,4254.jpg,1
599,4255.jpg,1
600,4256.jpg,1
601,4257.jpg,1
602,4259.jpg,1
603,4263.jpg,1
604,4266.jpg,1
605,4268.jpg,1
606,4271.jpg,1
607,4272.jpg,1
608,4273.jpg,1
609,4275.jpg,1
610,4277.jpg,1
611,4280.jpg,1
612,4282.jpg,1
613,4286.jpg,1
614,4287.jpg,1
615,4288.jpg,1
616,4289.jpg,1
617,4290.jpg,1
618,4291.jpg,1
619,4294.jpg,1
620,4296.jpg,1
621,4297.jpg,1
622,4298.jpg,1
623,4299.jpg,1
624,4303.jpg,1
625,4305.jpg,1
626,4306.jpg,1
627,4309.jpg,1
628,4310.jpg,1
629,4311.jpg,1
630,4312.jpg,1
631,4313.jpg,1
632,4315.jpg,1
633,4316.jpg,1
634,4317.jpg,1
635,4318.jpg,1
636,4319.jpg,1
637,4321.jpg,1
638,4322.jpg,1
639,4323.jpg,1
640,4325.jpg,1
641,4327.jpg,1
642,4328.jpg,1
643,4329.jpg,1
644,4330.jpg,1
645,4331.jpg,1
646,4333.jpg,1
647,4337.jpg,1
648,4338.jpg,1
649,4340.jpg,1
650,4341.jpg,1
651,4343.jpg,1
652,4346.jpg,1
653,4347.jpg,1
654,4348.jpg,1
655,4349.jpg,1
656,4350.jpg,1
657,4351.jpg,1
658,4353.jpg,1
659,4355.jpg,1
660,4356.jpg,1
661,4357.jpg,1
662,4358.jpg,1
663,4359.jpg,1
664,4360.jpg,1
665,4361.jpg,1
666,4362.jpg,1
667,4363.jpg,1
668,4364.jpg,1
669,4365.jpg,1
670,4367.jpg,1
671,4368.jpg,1
672,4369.jpg,1
673,4371.jpg,1
674,4372.jpg,1
675,4373.jpg,1
676,4375.jpg,1
677,4376.jpg,1
678,4377.jpg,1
679,4379.jpg,1
680,4383.jpg,1
681,4385.jpg,1
682,4386.jpg,1
683,4387.jpg,1
684,4388.jpg,1
685,4390.jpg,1
686,4391.jpg,1
687,4392.jpg,1
688,4393.jpg,1
689,4394.jpg,1
690,4395.jpg,1
691,4396.jpg,1
692,4397.jpg,1
693,4398.jpg,1
694,4399.jpg,1
695,4400.jpg,1
696,4401.jpg,1
697,4402.jpg,1
698,4404.jpg,1
699,4406.jpg,1
700,4408.jpg,1
701,4409.jpg,1
702,4410.jpg,1
703,4411.jpg,1
704,4413.jpg,1
705,4414.jpg,1
706,4415.jpg,1
707,4416.jpg,1
708,4417.jpg,1
709,4418.jpg,1
710,4419.jpg,1
711,4421.jpg,1
712,4422.jpg,1
713,4423.jpg,1
714,4424.jpg,1
715,4425.jpg,1
716,4431.jpg,1
717,4433.jpg,1
718,4434.jpg,1
719,4435.jpg,1
720,4436.jpg,1
721,4437.jpg,1
722,4440.jpg,1
723,4442.jpg,1
724,4443.jpg,1
725,4446.jpg,1
726,4447.jpg,1
727,4450.jpg,1
728,4451.jpg,1
729,4452.jpg,1
730,4453.jpg,1
731,4455.jpg,1
732,4457.jpg,1
733,4458.jpg,1
734,4459.jpg,1
735,4461.jpg,1
736,4463.jpg,1
737,4464.jpg,1
738,4466.jpg,1
739,4467.jpg,1
740,4468.jpg,1
741,4472.jpg,1
742,4473.jpg,1
743,4474.jpg,1
744,4475.jpg,1
745,4476.jpg,1
746,4479.jpg,1
747,4480.jpg,1
748,4481.jpg,1
749,4482.jpg,1
750,4483.jpg,1
751,4484.jpg,1
752,4485.jpg,1
753,4486.jpg,1
754,4487.jpg,1
755,4488.jpg,1
756,4489.jpg,1
757,4490.jpg,1
758,4491.jpg,1
759,4492.jpg,1
760,4494.jpg,1
761,4495.jpg,1
762,4497.jpg,1
763,4499.jpg,1
764,4500.jpg,1
765,4501.jpg,1
766,4502.jpg,1
767,4503.jpg,1
768,4504.jpg,1
769,4505.jpg,1
770,4507.jpg,1
771,4508.jpg,1
772,4511.jpg,1
773,4512.jpg,1
774,4513.jpg,1
775,4514.jpg,1
776,4516.jpg,1
777,4518.jpg,1
778,4519.jpg,1
779,4520.jpg,1
780,4522.jpg,1
781,4523.jpg,1
782,4524.jpg,1
783,4528.jpg,1
784,4529.jpg,1
785,4531.jpg,1
786,4534.jpg,1
787,4535.jpg,1
788,4536.jpg,1
789,4537.jpg,1
790,4538.jpg,1
791,4539.jpg,1
792,4540.jpg,1
793,4543.jpg,1
794,4544.jpg,1
795,4545.jpg,1
796,4548.jpg,1
797,4549.jpg,1
798,4550.jpg,1
799,4552.jpg,1
800,4556.jpg,1
801,4558.jpg,1
802,4559.jpg,1
803,4560.jpg,1
804,4561.jpg,1
805,4562.jpg,1
806,4564.jpg,1
807,4566.jpg,1
808,4567.jpg,1
809,4569.jpg,1
810,4571.jpg,1
811,4572.jpg,1
812,4574.jpg,1
813,4577.jpg,1
814,4578.jpg,1
815,4579.jpg,1
816,4580.jpg,1
817,4581.jpg,1
818,4582.jpg,1
819,4586.jpg,1
820,4587.jpg,1
821,4588.jpg,1
822,4589.jpg,1
823,4590.jpg,1
824,4592.jpg,1
825,4594.jpg,1
826,4595.jpg,1
827,4598.jpg,1
828,4599.jpg,1
829,4601.jpg,1
830,4602.jpg,1
831,4604.jpg,1
832,4605.jpg,1
833,4606.jpg,1
834,4607.jpg,1
835,4610.jpg,1
836,4614.jpg,1
837,4615.jpg,1
838,4618.jpg,1
839,4621.jpg,1
840,4622.jpg,1
841,4623.jpg,1
842,4625.jpg,1
843,4626.jpg,1
844,4628.jpg,1
845,4630.jpg,1
846,4631.jpg,1
847,4632.jpg,1
848,4634.jpg,1
849,4635.jpg,1
850,4636.jpg,1
851,4639.jpg,1
852,4640.jpg,1
853,4642.jpg,1
854,4643.jpg,1
855,4644.jpg,1
856,4645.jpg,1
857,4646.jpg,1
858,4647.jpg,1
859,4651.jpg,1
860,4652.jpg,1
861,4653.jpg,1
862,4654.jpg,1
863,4655.jpg,1
864,4656.jpg,1
865,4659.jpg,1
866,4661.jpg,1
867,4663.jpg,1
868,4664.jpg,1
869,4666.jpg,1
870,4668.jpg,1
871,4669.jpg,1
872,4670.jpg,1
873,4671.jpg,1
874,4672.jpg,1
875,4673.jpg,1
876,4674.jpg,1
877,4675.jpg,1
878,4677.jpg,1
879,4678.jpg,1
880,4679.jpg,1
881,4680.jpg,1
882,4681.jpg,1
883,4683.jpg,1
884,4685.jpg,1
885,4686.jpg,1
886,4687.jpg,1
887,4688.jpg,1
888,4689.jpg,1
889,4690.jpg,1
890,4692.jpg,1
891,4693.jpg,1
892,4700.jpg,1
893,4701.jpg,1
894,4702.jpg,1
895,4703.jpg,1
896,4704.jpg,1
897,4706.jpg,1
898,4708.jpg,1
899,4709.jpg,1
900,4710.jpg,1
901,4711.jpg,1
902,4712.jpg,1
903,4713.jpg,1
904,4715.jpg,1
905,4716.jpg,1
906,4717.jpg,1
907,4718.jpg,1
908,4719.jpg,1
909,4720.jpg,1
910,4722.jpg,1
911,4725.jpg,1
912,4726.jpg,1
913,4727.jpg,1
914,4728.jpg,1
915,4729.jpg,1
916,4731.jpg,1
917,4732.jpg,1
918,4733.jpg,1
919,4734.jpg,1
920,4736.jpg,1
921,4737.jpg,1
922,4739.jpg,1
923,4741.jpg,1
924,4743.jpg,1
925,4744.jpg,1
926,4745.jpg,1
927,4748.jpg,1
928,4750.jpg,1
929,4753.jpg,1
930,4754.jpg,1
931,4755.jpg,1
932,4756.jpg,1
933,4757.jpg,1
934,4763.jpg,1
935,4764.jpg,1
936,4765.jpg,1
937,4770.jpg,1
938,4771.jpg,1
939,4777.jpg,1
940,4778.jpg,1
941,4779.jpg,1
942,4781.jpg,1
943,4782.jpg,1
944,4783.jpg,1
945,4784.jpg,1
946,4787.jpg,1
947,4788.jpg,1
948,4789.jpg,1
949,4790.jpg,1
950,4791.jpg,1
951,4792.jpg,1
952,4796.jpg,1
953,4797.jpg,1
954,4799.jpg,1
955,4800.jpg,1
956,4802.jpg,1
957,4803.jpg,1
958,4804.jpg,1
959,4807.jpg,1
960,4809.jpg,1
961,4815.jpg,1
962,4816.jpg,1
963,4817.jpg,1
964,4819.jpg,1
965,4820.jpg,1
966,4821.jpg,1
967,4823.jpg,1
968,4824.jpg,1
969,4825.jpg,1
970,4826.jpg,1
971,4827.jpg,1
972,4830.jpg,1
973,4834.jpg,1
974,4836.jpg,1
975,4837.jpg,1
976,4839.jpg,1
977,4840.jpg,1
978,4841.jpg,1
979,4842.jpg,1
980,4843.jpg,1
981,4844.jpg,1
982,4846.jpg,1
983,4847.jpg,1
984,4848.jpg,1
985,4849.jpg,1
986,4853.jpg,1
987,4854.jpg,1
988,4856.jpg,1
989,4857.jpg,1
990,4861.jpg,1
991,4863.jpg,1
992,4864.jpg,1
993,4865.jpg,1
994,4867.jpg,1
995,4868.jpg,1
996,4869.jpg,1
997,4870.jpg,1
998,4871.jpg,1
999,4872.jpg,1
1000,4873.jpg,1
1001,4874.jpg,1
1002,4875.jpg,1
1003,4877.jpg,1
1004,4878.jpg,1
1005,4879.jpg,1
1006,4881.jpg,1
1007,4884.jpg,1
1008,4885.jpg,1
1009,4886.jpg,1
1010,4887.jpg,1
1011,4889.jpg,1
1012,4891.jpg,1
1013,4892.jpg,1
1014,4893.jpg,1
1015,4894.jpg,1
1016,4895.jpg,1
1017,4896.jpg,1
1018,4902.jpg,1
1019,4903.jpg,1
1020,4904.jpg,1
1021,4905.jpg,1
1022,4906.jpg,1
1023,4907.jpg,1
1024,4908.jpg,1
1025,4909.jpg,1
1026,4910.jpg,1
1027,4912.jpg,1
1028,4913.jpg,1
1029,4914.jpg,1
1030,4915.jpg,1
1031,4917.jpg,1
1032,4919.jpg,1
1033,4920.jpg,1
1034,4921.jpg,1
1035,4922.jpg,1
1036,4925.jpg,1
1037,4926.jpg,1
1038,4928.jpg,1
1039,4929.jpg,1
1040,4930.jpg,1
1041,4931.jpg,1
1042,4932.jpg,1
1043,4933.jpg,1
1044,4935.jpg,1
1045,4936.jpg,1
1046,4939.jpg,1
1047,4940.jpg,1
1048,4941.jpg,1
1049,4942.jpg,1
1050,4944.jpg,1
1051,4945.jpg,1
1052,4946.jpg,1
1053,4948.jpg,1
1054,4949.jpg,1
1055,4950.jpg,1
1056,4953.jpg,1
1057,4954.jpg,1
1058,4955.jpg,1
1059,4957.jpg,1
1060,4959.jpg,1
1061,4960.jpg,1
1062,4961.jpg,1
1063,4964.jpg,1
1064,4965.jpg,1
1065,4967.jpg,1
1066,4970.jpg,1
1067,4972.jpg,1
1068,4973.jpg,1
1069,4974.jpg,1
1070,4975.jpg,1
1071,4978.jpg,1
1072,4980.jpg,1
1073,4981.jpg,1
1074,4982.jpg,1
1075,4983.jpg,1
1076,4987.jpg,1
1077,4988.jpg,1
1078,4990.jpg,1
1079,4991.jpg,1
1080,4992.jpg,1
1081,4994.jpg,1
1082,4995.jpg,1
1083,4996.jpg,1
1084,4999.jpg,1
1085,5000.jpg,1
1086,5001.jpg,1
1087,5002.jpg,1
1088,5005.jpg,1
1089,5006.jpg,1
1090,5011.jpg,1
1091,5012.jpg,1
1092,5013.jpg,1
1093,5015.jpg,1
1094,5016.jpg,1
1095,5017.jpg,1
1096,5019.jpg,1
1097,5020.jpg,1
1098,5021.jpg,1
1099,5023.jpg,1
1100,5024.jpg,1
1101,5025.jpg,1
1102,5026.jpg,1
1103,5027.jpg,1
1104,5029.jpg,1
1105,5033.jpg,1
1106,5034.jpg,1
1107,5035.jpg,1
1108,5036.jpg,1
1109,5038.jpg,1
1110,5040.jpg,1
1111,5041.jpg,1
1112,5042.jpg,1
1113,5043.jpg,1
1114,5047.jpg,1
1115,5048.jpg,1
1116,5049.jpg,1
1117,5050.jpg,1
1118,5051.jpg,1
1119,5052.jpg,1
1120,5054.jpg,1
1121,5055.jpg,1
1122,5057.jpg,1
1123,5058.jpg,1
1124,5059.jpg,1
1125,5060.jpg,1
1126,5062.jpg,1
1127,5065.jpg,1
1128,5068.jpg,1
1129,5069.jpg,1
1130,5071.jpg,1
1131,5072.jpg,1
1132,5074.jpg,1
1133,5075.jpg,1
1134,5076.jpg,1
1135,5078.jpg,1
1136,5080.jpg,1
1137,5081.jpg,1
1138,5082.jpg,1
1139,5083.jpg,1
1140,5084.jpg,1
1141,5085.jpg,1
1142,5086.jpg,1
1143,5088.jpg,1
1144,5089.jpg,1
1145,5090.jpg,1
1146,5094.jpg,1
1147,5095.jpg,1
1148,5097.jpg,1
1149,5098.jpg,1
1150,5099.jpg,1
1151,5101.jpg,1
1152,5102.jpg,1
1153,5103.jpg,1
1154,5108.jpg,1
1155,5109.jpg,1
1156,5110.jpg,1
1157,5114.jpg,1
1158,5115.jpg,1
1159,5116.jpg,1
1160,5117.jpg,1
1161,5119.jpg,1
1162,5120.jpg,1
1163,5121.jpg,1
1164,5124.jpg,1
1165,5125.jpg,1
1166,5129.jpg,1
1167,5131.jpg,1
1168,5132.jpg,1
1169,5136.jpg,1
1170,5137.jpg,1
1171,5139.jpg,1
1172,5141.jpg,1
1173,5142.jpg,1
1174,5144.jpg,1
1175,5147.jpg,1
1176,5149.jpg,1
1177,5152.jpg,1
1178,5154.jpg,1
1179,5155.jpg,1
1180,5156.jpg,1
1181,5157.jpg,1
1182,5158.jpg,1
1183,5159.jpg,1
1184,5160.jpg,1
1185,5161.jpg,1
1186,5162.jpg,1
1187,5165.jpg,1
1188,5167.jpg,1
1189,5168.jpg,1
1190,5169.jpg,1
1191,5170.jpg,1
1192,5171.jpg,1
1193,5172.jpg,1
1194,5174.jpg,1
1195,5175.jpg,1
1196,5179.jpg,1
1197,5180.jpg,1
1198,5181.jpg,1
1199,5184.jpg,1
1200,5185.jpg,1
1201,5187.jpg,1
1202,5191.jpg,1
1203,5192.jpg,1
1204,5193.jpg,1
1205,5194.jpg,1
1206,5197.jpg,1
1207,5202.jpg,1
1208,5203.jpg,1
1209,5205.jpg,1
1210,5206.jpg,1
1211,5207.jpg,1
1212,5211.jpg,1
1213,5212.jpg,1
1214,5213.jpg,1
1215,5214.jpg,1
1216,5215.jpg,1
1217,5217.jpg,1
1218,5218.jpg,1
1219,5220.jpg,1
1220,5223.jpg,1
1221,5224.jpg,1
1222,5225.jpg,1
1223,5227.jpg,1
1224,5230.jpg,1
1225,5231.jpg,1
1226,5232.jpg,1
1227,5233.jpg,1
1228,5235.jpg,1
1229,5236.jpg,1
1230,5237.jpg,1
1231,5238.jpg,1
1232,5239.jpg,1
1233,5240.jpg,1
1234,5241.jpg,1
1235,5242.jpg,1
1236,5243.jpg,1
1237,5244.jpg,1
1238,5245.jpg,1
1239,5246.jpg,1
1240,5249.jpg,1
1241,5250.jpg,1
1242,5253.jpg,1
1243,5254.jpg,1
1244,5255.jpg,1
1245,5256.jpg,1
1246,5257.jpg,1
1247,5260.jpg,1
1248,5261.jpg,1
1249,5262.jpg,1
1250,5264.jpg,1
1251,5265.jpg,1
1252,5266.jpg,1
1253,5270.jpg,1
1254,5275.jpg,1
1255,5276.jpg,1
1256,5277.jpg,1
1257,5279.jpg,1
1258,5281.jpg,1
1259,5282.jpg,1
1260,5283.jpg,1
1261,5284.jpg,1
1262,5285.jpg,1
1263,5288.jpg,1
1264,5289.jpg,1
1265,5290.jpg,1
1266,5291.jpg,1
1267,5293.jpg,1
1268,5294.jpg,1
1269,5295.jpg,1
1270,5296.jpg,1
1271,5299.jpg,1
1272,5301.jpg,1
1273,5302.jpg,1
1274,5303.jpg,1
1275,5304.jpg,1
1276,5305.jpg,1
1277,5307.jpg,1
1278,5308.jpg,1
1279,5310.jpg,1
1280,5314.jpg,1
1281,5316.jpg,1
1282,5317.jpg,1
1283,5318.jpg,1
1284,5319.jpg,1
1285,5320.jpg,1
1286,5322.jpg,1
1287,5323.jpg,1
1288,5329.jpg,1
1289,5330.jpg,1
1290,5333.jpg,1
1291,5334.jpg,1
1292,5335.jpg,1
1293,5339.jpg,1
1294,5340.jpg,1
1295,5341.jpg,1
1296,5342.jpg,1
1297,5343.jpg,1
1298,5344.jpg,1
1299,5345.jpg,1
1300,5346.jpg,1
1301,5350.jpg,1
1302,5351.jpg,1
1303,5352.jpg,1
1304,5353.jpg,1
1305,5355.jpg,1
1306,5356.jpg,1
1307,5358.jpg,1
1308,5360.jpg,1
1309,5361.jpg,1
1310,5362.jpg,1
1311,5363.jpg,1
1312,5364.jpg,1
1313,5366.jpg,1
1314,5368.jpg,1
1315,5369.jpg,1
1316,5373.jpg,1
1317,5374.jpg,1
1318,5375.jpg,1
1319,5376.jpg,1
1320,5383.jpg,1
1321,5384.jpg,1
1322,5386.jpg,1
1323,5388.jpg,1
1324,5389.jpg,1
1325,5390.jpg,1
1326,5391.jpg,1
1327,5393.jpg,1
1328,5395.jpg,1
1329,5398.jpg,1
1330,5399.jpg,1
1331,5401.jpg,1
1332,5403.jpg,1
1333,5406.jpg,1
1334,5407.jpg,1
1335,5409.jpg,1
1336,5411.jpg,1
1337,5412.jpg,1
1338,5413.jpg,1
1339,5417.jpg,1
1340,5418.jpg,1
1341,5419.jpg,1
1342,5420.jpg,1
1343,5421.jpg,1
1344,5422.jpg,1
1345,5423.jpg,1
1346,5424.jpg,1
1347,5425.jpg,1
1348,5426.jpg,1
1349,5428.jpg,1
1350,5429.jpg,1
1351,5430.jpg,1
1352,5432.jpg,1
1353,5433.jpg,1
1354,5436.jpg,1
1355,5439.jpg,1
1356,5440.jpg,1
1357,5441.jpg,1
1358,5442.jpg,1
1359,5443.jpg,1
1360,5448.jpg,1
1361,5450.jpg,1
1362,5451.jpg,1
1363,5452.jpg,1
1364,5453.jpg,1
1365,5455.jpg,1
1366,5456.jpg,1
1367,5457.jpg,1
1368,5458.jpg,1
1369,5460.jpg,1
1370,5461.jpg,1
1371,5462.jpg,1
1372,5464.jpg,1
1373,5465.jpg,1
1374,5469.jpg,1
1375,5471.jpg,1
1376,5472.jpg,1
1377,5473.jpg,1
1378,5474.jpg,1
1379,5475.jpg,1
1380,5476.jpg,1
1381,5477.jpg,1
1382,5478.jpg,1
1383,5480.jpg,1
1384,5481.jpg,1
1385,5482.jpg,1
1386,5483.jpg,1
1387,5484.jpg,1
1388,5485.jpg,1
1389,5487.jpg,1
1390,5489.jpg,1
1391,5490.jpg,1
1392,5491.jpg,1
1393,5493.jpg,1
1394,5494.jpg,1
1395,5495.jpg,1
1396,5496.jpg,1
1397,5499.jpg,1
1398,5500.jpg,1
1399,5502.jpg,1
1400,5503.jpg,1
1401,5504.jpg,1
1402,5505.jpg,1
1403,5508.jpg,1
1404,5510.jpg,1
1405,5512.jpg,1
1406,5513.jpg,1
1407,5514.jpg,1
1408,5516.jpg,1
1409,5517.jpg,1
1410,5520.jpg,1
1411,5522.jpg,1
1412,5523.jpg,1
1413,5525.jpg,1
1414,5526.jpg,1
1415,5529.jpg,1
1416,5531.jpg,1
1417,5532.jpg,1
1418,5534.jpg,1
1419,5535.jpg,1
1420,5536.jpg,1
1421,5537.jpg,1
1422,5538.jpg,1
1423,5539.jpg,1
1424,5540.jpg,1
1425,5541.jpg,1
1426,5542.jpg,1
1427,5546.jpg,1
1428,5548.jpg,1
1429,5550.jpg,1
1430,5551.jpg,1
1431,5552.jpg,1
1432,5553.jpg,1
1433,5554.jpg,1
1434,5555.jpg,1
1435,5556.jpg,1
1436,5557.jpg,1
1437,5559.jpg,1
1438,5561.jpg,1
1439,5564.jpg,1
1440,5566.jpg,1
1441,5567.jpg,1
1442,5568.jpg,1
1443,5569.jpg,1
1444,5571.jpg,1
1445,5572.jpg,1
1446,5573.jpg,1
1447,5574.jpg,1
1448,5577.jpg,1
1449,5578.jpg,1
1450,5579.jpg,1
1451,5581.jpg,1
1452,5583.jpg,1
1453,5584.jpg,1
1454,5585.jpg,1
1455,5587.jpg,1
1456,5588.jpg,1
1457,5589.jpg,1
1458,5591.jpg,1
1459,5593.jpg,1
1460,5596.jpg,1
1461,5597.jpg,1
1462,5598.jpg,1
1463,5599.jpg,1
1464,5602.jpg,1
1465,5603.jpg,1
1466,5604.jpg,1
1467,5605.jpg,1
1468,5607.jpg,1
1469,5608.jpg,1
1470,5609.jpg,1
1471,5610.jpg,1
1472,5611.jpg,1
1473,5612.jpg,1
1474,5613.jpg,1
1475,5614.jpg,1
1476,5615.jpg,1
1477,5616.jpg,1
1478,5617.jpg,1
1479,5618.jpg,1
1480,5620.jpg,1
1481,5621.jpg,1
1482,5622.jpg,1
1483,5623.jpg,1
1484,5624.jpg,1
1485,5625.jpg,1
1486,5627.jpg,1
1487,5628.jpg,1
1488,5631.jpg,1
1489,5632.jpg,1
1490,5633.jpg,1
1491,5634.jpg,1
1492,5635.jpg,1
1493,5636.jpg,1
1494,5640.jpg,1
1495,5641.jpg,1
1496,5642.jpg,1
1497,5643.jpg,1
1498,5644.jpg,1
1499,5645.jpg,1
1500,5646.jpg,1
1501,5647.jpg,1
1502,5649.jpg,1
1503,5650.jpg,1
1504,5652.jpg,1
1505,5653.jpg,1
1506,5655.jpg,1
1507,5657.jpg,1
1508,5658.jpg,1
1509,5659.jpg,1
1510,5663.jpg,1
1511,5665.jpg,1
1512,5666.jpg,1
1513,5667.jpg,1
1514,5668.jpg,1
1515,5669.jpg,1
1516,5671.jpg,1
1517,5672.jpg,1
1518,5673.jpg,1
1519,5678.jpg,1
1520,5680.jpg,1
1521,5681.jpg,1
1522,5682.jpg,1
1523,5683.jpg,1
1524,5685.jpg,1
1525,5687.jpg,1
1526,5688.jpg,1
1527,5689.jpg,1
1528,5690.jpg,1
1529,5691.jpg,1
1530,5692.jpg,1
1531,5693.jpg,1
1532,5694.jpg,1
1533,5697.jpg,1
1534,5698.jpg,1
1535,5699.jpg,1
1536,5700.jpg,1
1537,5701.jpg,1
1538,5703.jpg,1
1539,5705.jpg,1
1540,5706.jpg,1
1541,5708.jpg,1
1542,5710.jpg,1
1543,5711.jpg,1
1544,5712.jpg,1
1545,5714.jpg,1
1546,5716.jpg,1
1547,5717.jpg,1
1548,5721.jpg,1
1549,5723.jpg,1
1550,5724.jpg,1
1551,5725.jpg,1
1552,5728.jpg,1
1553,5729.jpg,1
1554,5733.jpg,1
1555,5736.jpg,1
1556,5738.jpg,1
1557,5740.jpg,1
1558,5741.jpg,1
1559,5743.jpg,1
1560,5746.jpg,1
1561,5747.jpg,1
1562,5748.jpg,1
1563,5751.jpg,1
1564,5752.jpg,1
1565,5753.jpg,1
1566,5754.jpg,1
1567,5756.jpg,1
1568,5758.jpg,1
1569,5759.jpg,1
1570,5760.jpg,1
1571,5762.jpg,1
1572,5763.jpg,1
1573,5764.jpg,1
1574,5766.jpg,1
1575,5767.jpg,1
1576,5768.jpg,1
1577,5770.jpg,1
1578,5771.jpg,1
1579,5772.jpg,1
1580,5774.jpg,1
1581,5775.jpg,1
1582,5776.jpg,1
1583,5777.jpg,1
1584,5778.jpg,1
1585,5779.jpg,1
1586,5780.jpg,1
1587,5781.jpg,1
1588,5782.jpg,1
1589,5783.jpg,1
1590,5784.jpg,1
1591,5785.jpg,1
1592,5786.jpg,1
1593,5787.jpg,1
1594,5788.jpg,1
1595,5790.jpg,1
1596,5793.jpg,1
1597,5794.jpg,1
1598,5796.jpg,1
1599,5797.jpg,1
1600,5798.jpg,1
1601,5800.jpg,1
1602,5802.jpg,1
1603,5805.jpg,1
1604,5807.jpg,1
1605,5808.jpg,1
1606,5809.jpg,1
1607,5810.jpg,1
1608,5811.jpg,1
1609,5812.jpg,1
1610,5813.jpg,1
1611,5814.jpg,1
1612,5815.jpg,1
1613,5816.jpg,1
1614,5818.jpg,1
1615,5819.jpg,1
1616,5820.jpg,1
1617,5821.jpg,1
1618,5822.jpg,1
1619,5823.jpg,1
1620,5824.jpg,1
1621,5826.jpg,1
1622,5827.jpg,1
1623,5828.jpg,1
1624,5830.jpg,1
1625,5831.jpg,1
1626,5832.jpg,1
1627,5834.jpg,1
1628,5835.jpg,1
1629,5836.jpg,1
1630,5837.jpg,1
1631,5839.jpg,1
1632,5840.jpg,1
1633,5841.jpg,1
1634,5842.jpg,1
1635,5844.jpg,1
1636,5847.jpg,1
1637,5848.jpg,1
1638,5849.jpg,1
1639,5850.jpg,1
1640,5851.jpg,1
1641,5852.jpg,1
1642,5853.jpg,1
1643,5855.jpg,1
1644,5856.jpg,1
1645,5857.jpg,1
1646,5859.jpg,1
1647,5861.jpg,1
1648,5863.jpg,1
1649,5864.jpg,1
1650,5866.jpg,1
1651,5867.jpg,1
1652,5868.jpg,1
1653,5869.jpg,1
1654,5871.jpg,1
1655,5873.jpg,1
1656,5874.jpg,1
1657,5877.jpg,1
1658,5878.jpg,1
1659,5879.jpg,1
1660,5880.jpg,1
1661,5881.jpg,1
1662,5883.jpg,1
1663,5884.jpg,1
1664,5885.jpg,1
1665,5886.jpg,1
1666,5887.jpg,1
1667,5889.jpg,1
1668,5893.jpg,1
1669,5895.jpg,1
1670,5896.jpg,1
1671,5898.jpg,1
1672,5899.jpg,1
1673,5900.jpg,1
1674,5901.jpg,1
1675,5903.jpg,1
1676,5905.jpg,1
1677,5906.jpg,1
1678,5909.jpg,1
1679,5911.jpg,1
1680,5913.jpg,1
1681,5914.jpg,1
1682,5915.jpg,1
1683,5917.jpg,1
1684,5919.jpg,1
1685,5921.jpg,1
1686,5922.jpg,1
1687,5923.jpg,1
1688,5924.jpg,1
1689,5925.jpg,1
1690,5926.jpg,1
1691,5928.jpg,1
1692,5929.jpg,1
1693,5930.jpg,1
1694,5932.jpg,1
1695,5933.jpg,1
1696,5935.jpg,1
1697,5937.jpg,1
1698,5938.jpg,1
1699,5939.jpg,1
1700,5941.jpg,1
1701,5942.jpg,1
1702,5943.jpg,1
1703,5944.jpg,1
1704,5946.jpg,1
1705,5948.jpg,1
1706,5950.jpg,1
1707,5951.jpg,1
1708,5952.jpg,1
1709,5953.jpg,1
1710,5954.jpg,1
1711,5955.jpg,1
1712,5959.jpg,1
1713,5960.jpg,1
1714,5961.jpg,1
1715,5962.jpg,1
1716,5963.jpg,1
1717,5966.jpg,1
1718,5967.jpg,1
1719,5968.jpg,1
1720,5970.jpg,1
1721,5971.jpg,1
1722,5973.jpg,1
1723,5974.jpg,1
1724,5977.jpg,1
1725,5978.jpg,1
1726,5979.jpg,1
1727,5982.jpg,1
1728,5983.jpg,1
1729,5985.jpg,1
1730,5986.jpg,1
1731,5987.jpg,1
1732,5988.jpg,1
1733,5989.jpg,1
1734,5990.jpg,1
1735,5991.jpg,1
1736,5995.jpg,1
1737,5998.jpg,1
1738,5999.jpg,1
1739,6000.jpg,1
1740,6001.jpg,1
1741,6002.jpg,1
1742,6005.jpg,1
1743,6006.jpg,1
1744,6009.jpg,1
1745,6010.jpg,1
1746,6011.jpg,1
1747,6012.jpg,1
1748,6016.jpg,1
1749,6018.jpg,1
1750,6020.jpg,1
1751,6021.jpg,1
1752,6022.jpg,1
1753,6023.jpg,1
1754,6024.jpg,1
1755,6025.jpg,1
1756,6026.jpg,1
1757,6027.jpg,1
1758,6028.jpg,1
1759,6030.jpg,1
1760,6031.jpg,1
1761,6032.jpg,1
1762,6033.jpg,1
1763,6034.jpg,1
1764,6037.jpg,1
1765,6039.jpg,1
1766,6040.jpg,1
1767,6041.jpg,1
1768,6043.jpg,1
1769,6046.jpg,1
1770,6049.jpg,1
1771,6050.jpg,1
1772,6051.jpg,1
1773,6053.jpg,1
1774,6054.jpg,1
1775,6056.jpg,1
1776,6057.jpg,1
1777,6058.jpg,1
1778,6059.jpg,1
1779,6061.jpg,1
1780,6064.jpg,1
1781,6065.jpg,1
1782,6067.jpg,1
1783,6068.jpg,1
1784,6069.jpg,1
1785,6075.jpg,1
1786,6076.jpg,1
1787,6079.jpg,1
1788,6080.jpg,1
1789,6081.jpg,1
1790,6083.jpg,1
1791,6085.jpg,1
1792,6087.jpg,1
1793,6090.jpg,1
1794,6091.jpg,1
1795,6092.jpg,1
1796,6094.jpg,1
1797,6095.jpg,1
1798,6096.jpg,1
1799,6097.jpg,1
1800,6099.jpg,1
1801,6100.jpg,1
1802,6101.jpg,1
1803,6102.jpg,1
1804,6104.jpg,1
1805,6106.jpg,1
1806,6107.jpg,1
1807,6108.jpg,1
1808,6109.jpg,1
1809,6111.jpg,1
1810,6113.jpg,1
1811,6115.jpg,1
1812,6116.jpg,1
1813,6117.jpg,1
1814,6118.jpg,1
1815,6119.jpg,1
1816,6120.jpg,1
1817,6121.jpg,1
1818,6122.jpg,1
1819,6123.jpg,1
1820,6124.jpg,1
1821,6126.jpg,1
1822,6129.jpg,1
1823,6130.jpg,1
1824,6132.jpg,1
1825,6134.jpg,1
1826,6135.jpg,1
1827,6137.jpg,1
1828,6138.jpg,1
1829,6140.jpg,1
1830,6141.jpg,1
1831,6142.jpg,1
1832,6143.jpg,1
1833,6144.jpg,1
1834,6145.jpg,1
1835,6146.jpg,1
1836,6147.jpg,1
1837,6148.jpg,1
1838,6149.jpg,1
1839,6150.jpg,1
1840,6151.jpg,1
1841,6152.jpg,1
1842,6156.jpg,1
1843,6157.jpg,1
1844,6159.jpg,1
1845,6161.jpg,1
1846,6163.jpg,1
1847,6164.jpg,1
1848,6165.jpg,1
1849,6167.jpg,1
1850,6168.jpg,1
1851,6170.jpg,1
1852,6171.jpg,1
1853,6172.jpg,1
1854,6173.jpg,1
1855,6175.jpg,1
1856,6176.jpg,1
1857,6178.jpg,1
1858,6180.jpg,1
1859,6181.jpg,1
1860,6182.jpg,1
1861,6183.jpg,1
1862,6185.jpg,1
1863,6186.jpg,1
1864,6188.jpg,1
1865,6189.jpg,1
1866,6190.jpg,1
1867,6191.jpg,1
1868,6192.jpg,1
1869,6194.jpg,1
1870,6195.jpg,1
1871,6196.jpg,1
1872,6197.jpg,1
1873,6198.jpg,1
1874,6200.jpg,1
1875,6207.jpg,1
1876,6208.jpg,1
1877,6209.jpg,1
1878,6212.jpg,1
1879,6213.jpg,1
1880,6214.jpg,1
1881,6215.jpg,1
1882,6216.jpg,1
1883,6217.jpg,1
1884,6220.jpg,1
1885,6221.jpg,1
1886,6222.jpg,1
1887,6223.jpg,1
1888,6224.jpg,1
1889,6225.jpg,1
1890,6226.jpg,1
1891,6227.jpg,1
1892,6228.jpg,1
1893,6229.jpg,1
1894,6230.jpg,1
1895,6231.jpg,1
1896,6232.jpg,1
1897,6233.jpg,1
1898,6234.jpg,1
1899,6235.jpg,1
1900,6238.jpg,1
1901,6239.jpg,1
1902,6240.jpg,1
1903,6242.jpg,1
1904,6243.jpg,1
1905,6245.jpg,1
1906,6246.jpg,1
1907,6247.jpg,1
1908,6249.jpg,1
1909,6250.jpg,1
1910,6251.jpg,1
1911,6252.jpg,1
1912,6255.jpg,1
1913,6257.jpg,1
1914,6258.jpg,1
1915,6259.jpg,1
1916,6260.jpg,1
1917,6261.jpg,1
1918,6262.jpg,1
1919,6264.jpg,1
1920,6265.jpg,1
1921,6266.jpg,1
1922,6267.jpg,1
1923,6271.jpg,1
1924,6273.jpg,1
1925,6274.jpg,1
1926,6275.jpg,1
1927,6276.jpg,1
1928,6277.jpg,1
1929,6279.jpg,1
1930,6280.jpg,1
1931,6282.jpg,1
1932,6283.jpg,1
1933,6284.jpg,1
1934,6287.jpg,1
1935,6289.jpg,1
1936,6290.jpg,1
1937,6291.jpg,1
1938,6292.jpg,1
1939,6293.jpg,1
1940,6294.jpg,1
1941,6295.jpg,1
1942,6297.jpg,1
1943,6298.jpg,1
1944,6301.jpg,1
1945,6302.jpg,1
1946,6303.jpg,1
1947,6304.jpg,1
1948,6305.jpg,1
1949,6306.jpg,1
1950,6307.jpg,1
1951,6308.jpg,1
1952,6309.jpg,1
1953,6310.jpg,1
1954,6312.jpg,1
1955,6313.jpg,1
1956,6316.jpg,1
1957,6318.jpg,1
1958,6320.jpg,1
1959,6321.jpg,1
1960,6322.jpg,1
1961,6326.jpg,1
1962,6328.jpg,1
1963,6331.jpg,1
1964,6334.jpg,1
1965,6336.jpg,1
1966,6337.jpg,1
1967,6339.jpg,1
1968,6341.jpg,1
1969,6343.jpg,1
1970,6346.jpg,1
1971,6347.jpg,1
1972,6350.jpg,1
1973,6351.jpg,1
1974,6352.jpg,1
1975,6355.jpg,1
1976,6357.jpg,1
1977,6359.jpg,1
1978,6360.jpg,1
1979,6363.jpg,1
1980,6364.jpg,1
1981,6365.jpg,1
1982,6367.jpg,1
1983,6368.jpg,1
1984,6369.jpg,1
1985,6370.jpg,1
1986,6374.jpg,1
1987,6376.jpg,1
1988,6377.jpg,1
1989,6378.jpg,1
1990,6379.jpg,1
1991,6380.jpg,1
1992,6381.jpg,1
1993,6384.jpg,1
1994,6387.jpg,1
1995,6388.jpg,1
1996,6389.jpg,1
1997,6391.jpg,1
1998,6392.jpg,1
1999,6393.jpg,1
2000,6394.jpg,1
2001,6395.jpg,1
2002,6396.jpg,1
2003,6397.jpg,1
2004,6398.jpg,1
2005,6399.jpg,1
2006,6400.jpg,1
2007,6401.jpg,1
2008,6406.jpg,1
2009,6407.jpg,1
2010,6409.jpg,1
2011,6412.jpg,1
2012,6413.jpg,1
2013,6414.jpg,1
2014,6415.jpg,1
2015,6416.jpg,1
2016,6417.jpg,1
2017,6419.jpg,1
2018,6420.jpg,1
2019,6421.jpg,1
2020,6426.jpg,1
2021,6427.jpg,1
2022,6428.jpg,1
2023,6431.jpg,1
2024,6432.jpg,1
2025,6434.jpg,1
2026,6435.jpg,1
2027,6436.jpg,1
2028,6438.jpg,1
2029,6439.jpg,1
2030,6440.jpg,1
2031,6441.jpg,1
2032,6442.jpg,1
2033,6443.jpg,1
2034,6444.jpg,1
2035,6445.jpg,1
2036,6446.jpg,1
2037,6447.jpg,1
2038,6448.jpg,1
2039,6449.jpg,1
2040,6452.jpg,1
2041,6454.jpg,1
2042,6455.jpg,1
2043,6456.jpg,1
2044,6457.jpg,1
2045,6460.jpg,1
2046,6461.jpg,1
2047,6462.jpg,1
2048,6463.jpg,1
2049,6464.jpg,1
2050,6465.jpg,1
2051,6466.jpg,1
2052,6467.jpg,1
2053,6468.jpg,1
2054,6469.jpg,1
2055,6470.jpg,1
2056,6472.jpg,1
2057,6473.jpg,1
2058,6475.jpg,1
2059,6476.jpg,1
2060,6477.jpg,1
2061,6479.jpg,1
2062,6480.jpg,1
2063,6482.jpg,1
2064,6483.jpg,1
2065,6484.jpg,1
2066,6486.jpg,1
2067,6487.jpg,1
2068,6488.jpg,1
2069,6489.jpg,1
2070,6491.jpg,1
2071,6493.jpg,1
2072,6494.jpg,1
2073,6495.jpg,1
2074,6496.jpg,1
2075,6497.jpg,1
2076,6499.jpg,1
2077,6501.jpg,1
2078,6502.jpg,1
2079,6503.jpg,1
2080,6504.jpg,1
2081,6505.jpg,1
2082,6506.jpg,1
2083,6507.jpg,1
2084,6508.jpg,1
2085,6511.jpg,1
2086,6512.jpg,1
2087,6513.jpg,1
2088,6514.jpg,1
2089,6515.jpg,1
2090,6516.jpg,1
2091,6517.jpg,1
2092,6518.jpg,1
2093,6519.jpg,1
2094,6520.jpg,1
2095,6521.jpg,1
2096,6522.jpg,1
2097,6524.jpg,1
2098,6525.jpg,1
2099,6527.jpg,1
2100,6528.jpg,1
2101,6533.jpg,1
2102,6534.jpg,1
2103,6536.jpg,1
2104,6537.jpg,1
2105,6538.jpg,1
2106,6542.jpg,1
2107,6543.jpg,1
2108,6544.jpg,1
2109,6545.jpg,1
2110,6547.jpg,1
2111,6548.jpg,1
2112,6549.jpg,1
2113,6552.jpg,1
2114,6555.jpg,1
2115,6557.jpg,1
2116,6558.jpg,1
2117,6559.jpg,1
2118,6560.jpg,1
2119,6561.jpg,1
2120,6563.jpg,1
2121,6566.jpg,1
2122,6568.jpg,1
2123,6570.jpg,1
2124,6573.jpg,1
2125,6574.jpg,1
2126,6575.jpg,1
2127,6576.jpg,1
2128,6577.jpg,1
2129,6578.jpg,1
2130,6579.jpg,1
2131,6580.jpg,1
2132,6582.jpg,1
2133,6584.jpg,1
2134,6585.jpg,1
2135,6588.jpg,1
2136,6589.jpg,1
2137,6590.jpg,1
2138,6592.jpg,1
2139,6593.jpg,1
2140,6594.jpg,1
2141,6596.jpg,1
2142,6599.jpg,1
2143,6600.jpg,1
2144,6601.jpg,1
2145,6602.jpg,1
2146,6603.jpg,1
2147,6604.jpg,1
2148,6606.jpg,1
2149,6608.jpg,1
2150,6609.jpg,1
2151,6610.jpg,1
2152,6611.jpg,1
2153,6612.jpg,1
2154,6613.jpg,1
2155,6614.jpg,1
2156,6615.jpg,1
2157,6618.jpg,1
2158,6620.jpg,1
2159,6621.jpg,1
2160,6623.jpg,1
2161,6624.jpg,1
2162,6626.jpg,1
2163,6629.jpg,1
2164,6630.jpg,1
2165,6631.jpg,1
2166,6633.jpg,1
2167,6634.jpg,1
2168,6635.jpg,1
2169,6636.jpg,1
2170,6638.jpg,1
2171,6639.jpg,1
2172,6640.jpg,1
2173,6641.jpg,1
2174,6642.jpg,1
2175,6644.jpg,1
2176,6645.jpg,1
2177,6647.jpg,1
2178,6649.jpg,1
2179,6650.jpg,1
2180,6652.jpg,1
2181,6653.jpg,1
2182,6655.jpg,1
2183,6656.jpg,1
2184,6657.jpg,1
2185,6659.jpg,1
2186,6660.jpg,1
2187,6661.jpg,1
2188,6663.jpg,1
2189,6665.jpg,1
2190,6668.jpg,1
2191,6669.jpg,1
2192,6670.jpg,1
2193,6671.jpg,1
2194,6673.jpg,1
2195,6675.jpg,1
2196,6676.jpg,1
2197,6677.jpg,1
2198,6678.jpg,1
2199,6680.jpg,1
2200,6681.jpg,1
2201,6682.jpg,1
2202,6683.jpg,1
2203,6686.jpg,1
2204,6687.jpg,1
2205,6690.jpg,1
2206,6691.jpg,1
2207,6692.jpg,1
2208,6693.jpg,1
2209,6694.jpg,1
0,7516.jpg,2
1,7517.jpg,2
2,7518.jpg,2
3,7519.jpg,2
4,7520.jpg,2
5,7521.jpg,2
6,7523.jpg,2
7,7524.jpg,2
8,7525.jpg,2
9,7527.jpg,2
10,7530.jpg,2
11,7532.jpg,2
12,7533.jpg,2
13,7534.jpg,2
14,7535.jpg,2
15,7536.jpg,2
16,7540.jpg,2
17,7542.jpg,2
18,7543.jpg,2
19,7544.jpg,2
20,7546.jpg,2
21,7547.jpg,2
22,7548.jpg,2
23,7549.jpg,2
24,7550.jpg,2
25,7551.jpg,2
26,7553.jpg,2
27,7555.jpg,2
28,7556.jpg,2
29,7557.jpg,2
30,7559.jpg,2
31,7562.jpg,2
32,7564.jpg,2
33,7566.jpg,2
34,7567.jpg,2
35,7568.jpg,2
36,7570.jpg,2
37,7571.jpg,2
38,7572.jpg,2
39,7574.jpg,2
40,7575.jpg,2
41,7576.jpg,2
42,7577.jpg,2
43,7578.jpg,2
44,7579.jpg,2
45,7580.jpg,2
46,7581.jpg,2
47,7582.jpg,2
48,7585.jpg,2
49,7586.jpg,2
50,7589.jpg,2
51,7592.jpg,2
52,7593.jpg,2
53,7594.jpg,2
54,7595.jpg,2
55,7599.jpg,2
56,7600.jpg,2
57,7602.jpg,2
58,7603.jpg,2
59,7608.jpg,2
60,7609.jpg,2
61,7610.jpg,2
62,7611.jpg,2
63,7612.jpg,2
64,7614.jpg,2
65,7616.jpg,2
66,7617.jpg,2
67,7618.jpg,2
68,7619.jpg,2
69,7620.jpg,2
70,7621.jpg,2
71,7623.jpg,2
72,7624.jpg,2
73,7625.jpg,2
74,7626.jpg,2
75,7627.jpg,2
76,7629.jpg,2
77,7630.jpg,2
78,7631.jpg,2
79,7633.jpg,2
80,7636.jpg,2
81,7637.jpg,2
82,7638.jpg,2
83,7640.jpg,2
84,7641.jpg,2
85,7642.jpg,2
86,7643.jpg,2
87,7645.jpg,2
88,7647.jpg,2
89,7648.jpg,2
90,7652.jpg,2
91,7656.jpg,2
92,7657.jpg,2
93,7658.jpg,2
94,7659.jpg,2
95,7663.jpg,2
96,7665.jpg,2
97,7668.jpg,2
98,7670.jpg,2
99,7671.jpg,2
100,7674.jpg,2
101,7675.jpg,2
102,7677.jpg,2
103,7679.jpg,2
104,7681.jpg,2
105,7682.jpg,2
106,7683.jpg,2
107,7684.jpg,2
108,7687.jpg,2
109,7689.jpg,2
110,7695.jpg,2
111,7696.jpg,2
112,7697.jpg,2
113,7699.jpg,2
114,7704.jpg,2
115,7705.jpg,2
116,7708.jpg,2
117,7710.jpg,2
118,7711.jpg,2
119,7712.jpg,2
120,7714.jpg,2
121,7715.jpg,2
122,7716.jpg,2
123,7717.jpg,2
124,7720.jpg,2
125,7721.jpg,2
126,7722.jpg,2
127,7723.jpg,2
128,7724.jpg,2
129,7726.jpg,2
130,7728.jpg,2
131,7729.jpg,2
132,7730.jpg,2
133,7731.jpg,2
134,7733.jpg,2
135,7734.jpg,2
136,7738.jpg,2
137,7739.jpg,2
138,7741.jpg,2
139,7742.jpg,2
140,7743.jpg,2
141,7745.jpg,2
142,7749.jpg,2
143,7750.jpg,2
144,7752.jpg,2
145,7753.jpg,2
146,7754.jpg,2
147,7755.jpg,2
148,7759.jpg,2
149,7761.jpg,2
150,7762.jpg,2
151,7764.jpg,2
152,7769.jpg,2
153,7771.jpg,2
154,7775.jpg,2
155,7776.jpg,2
156,7777.jpg,2
157,7778.jpg,2
158,7780.jpg,2
159,7782.jpg,2
160,7784.jpg,2
161,7785.jpg,2
162,7787.jpg,2
163,7788.jpg,2
164,7793.jpg,2
165,7794.jpg,2
166,7795.jpg,2
167,7796.jpg,2
168,7797.jpg,2
169,7799.jpg,2
170,7800.jpg,2
171,7802.jpg,2
172,7803.jpg,2
173,7805.jpg,2
174,7806.jpg,2
175,7809.jpg,2
176,7811.jpg,2
177,7812.jpg,2
178,7813.jpg,2
179,7815.jpg,2
180,7816.jpg,2
181,7817.jpg,2
182,7818.jpg,2
183,7820.jpg,2
184,7824.jpg,2
185,7826.jpg,2
186,7827.jpg,2
187,7828.jpg,2
188,7829.jpg,2
189,7831.jpg,2
190,7832.jpg,2
191,7833.jpg,2
192,7835.jpg,2
193,7836.jpg,2
194,7837.jpg,2
195,7839.jpg,2
196,7841.jpg,2
197,7842.jpg,2
198,7843.jpg,2
199,7845.jpg,2
200,7846.jpg,2
201,7847.jpg,2
202,7848.jpg,2
203,7849.jpg,2
204,7852.jpg,2
205,7855.jpg,2
206,7856.jpg,2
207,7857.jpg,2
208,7859.jpg,2
209,7860.jpg,2
210,7862.jpg,2
211,7864.jpg,2
212,7868.jpg,2
213,7869.jpg,2
214,7870.jpg,2
215,7872.jpg,2
216,7875.jpg,2
217,7876.jpg,2
218,7878.jpg,2
219,7879.jpg,2
220,7881.jpg,2
221,7883.jpg,2
222,7885.jpg,2
223,7886.jpg,2
224,7887.jpg,2
225,7888.jpg,2
226,7890.jpg,2
227,7891.jpg,2
228,7892.jpg,2
229,7893.jpg,2
230,7896.jpg,2
231,7898.jpg,2
232,7899.jpg,2
233,7900.jpg,2
234,7901.jpg,2
235,7903.jpg,2
236,7906.jpg,2
237,7907.jpg,2
238,7908.jpg,2
239,7909.jpg,2
240,7910.jpg,2
241,7911.jpg,2
242,7912.jpg,2
243,7918.jpg,2
244,7920.jpg,2
245,7922.jpg,2
246,7923.jpg,2
247,7924.jpg,2
248,7925.jpg,2
249,7927.jpg,2
250,7931.jpg,2
251,7932.jpg,2
252,7934.jpg,2
253,7936.jpg,2
254,7937.jpg,2
255,7938.jpg,2
256,7941.jpg,2
257,7942.jpg,2
258,7943.jpg,2
259,7944.jpg,2
260,7946.jpg,2
261,7947.jpg,2
262,7949.jpg,2
263,7950.jpg,2
264,7952.jpg,2
265,7955.jpg,2
266,7960.jpg,2
267,7963.jpg,2
268,7964.jpg,2
269,7966.jpg,2
270,7967.jpg,2
271,7968.jpg,2
272,7971.jpg,2
273,7972.jpg,2
274,7974.jpg,2
275,7976.jpg,2
276,7977.jpg,2
277,7978.jpg,2
278,7979.jpg,2
279,7980.jpg,2
280,7982.jpg,2
281,7983.jpg,2
282,7984.jpg,2
283,7985.jpg,2
284,7986.jpg,2
285,7989.jpg,2
286,7992.jpg,2
287,7993.jpg,2
288,7994.jpg,2
289,7995.jpg,2
290,7996.jpg,2
291,7997.jpg,2
292,7998.jpg,2
293,7999.jpg,2
294,8001.jpg,2
295,8003.jpg,2
296,8004.jpg,2
297,8005.jpg,2
298,8007.jpg,2
299,8008.jpg,2
300,8011.jpg,2
301,8012.jpg,2
302,8013.jpg,2
303,8014.jpg,2
304,8015.jpg,2
305,8016.jpg,2
306,8017.jpg,2
307,8018.jpg,2
308,8019.jpg,2
309,8020.jpg,2
310,8021.jpg,2
311,8022.jpg,2
312,8023.jpg,2
313,8024.jpg,2
314,8026.jpg,2
315,8028.jpg,2
316,8029.jpg,2
317,8030.jpg,2
318,8031.jpg,2
319,8033.jpg,2
320,8035.jpg,2
321,8037.jpg,2
322,8038.jpg,2
323,8039.jpg,2
324,8040.jpg,2
325,8041.jpg,2
326,8043.jpg,2
327,8044.jpg,2
328,8046.jpg,2
329,8047.jpg,2
330,8049.jpg,2
331,8050.jpg,2
332,8054.jpg,2
333,8055.jpg,2
334,8056.jpg,2
335,8057.jpg,2
336,8058.jpg,2
337,8060.jpg,2
338,8061.jpg,2
339,8062.jpg,2
340,8063.jpg,2
341,8064.jpg,2
342,8069.jpg,2
343,8071.jpg,2
344,8072.jpg,2
345,8073.jpg,2
346,8075.jpg,2
347,8077.jpg,2
348,8078.jpg,2
349,8080.jpg,2
350,8081.jpg,2
351,8085.jpg,2
352,8088.jpg,2
353,8091.jpg,2
354,8094.jpg,2
355,8095.jpg,2
356,8096.jpg,2
357,8098.jpg,2
358,8102.jpg,2
359,8103.jpg,2
360,8104.jpg,2
361,8108.jpg,2
362,8109.jpg,2
363,8110.jpg,2
364,8111.jpg,2
365,8112.jpg,2
366,8114.jpg,2
367,8115.jpg,2
368,8118.jpg,2
369,8119.jpg,2
370,8120.jpg,2
371,8121.jpg,2
372,8122.jpg,2
373,8125.jpg,2
374,8126.jpg,2
375,8131.jpg,2
376,8132.jpg,2
377,8134.jpg,2
378,8135.jpg,2
379,8136.jpg,2
380,8137.jpg,2
381,8138.jpg,2
382,8141.jpg,2
383,8142.jpg,2
384,8143.jpg,2
385,8144.jpg,2
386,8145.jpg,2
387,8146.jpg,2
388,8147.jpg,2
389,8148.jpg,2
390,8150.jpg,2
391,8152.jpg,2
392,8153.jpg,2
393,8158.jpg,2
394,8159.jpg,2
395,8162.jpg,2
396,8163.jpg,2
397,8164.jpg,2
398,8167.jpg,2
399,8170.jpg,2
400,8173.jpg,2
401,8174.jpg,2
402,8176.jpg,2
403,8180.jpg,2
404,8181.jpg,2
405,8182.jpg,2
406,8184.jpg,2
407,8188.jpg,2
408,8189.jpg,2
409,8190.jpg,2
410,8191.jpg,2
411,8194.jpg,2
412,8196.jpg,2
413,8197.jpg,2
414,8198.jpg,2
415,8200.jpg,2
416,8202.jpg,2
417,8206.jpg,2
418,8207.jpg,2
419,8208.jpg,2
420,8209.jpg,2
421,8210.jpg,2
422,8550.jpg,2
423,8551.jpg,2
424,8554.jpg,2
425,8556.jpg,2
426,8558.jpg,2
427,8559.jpg,2
428,8561.jpg,2
429,8562.jpg,2
430,8564.jpg,2
431,8565.jpg,2
432,8567.jpg,2
433,8572.jpg,2
434,8575.jpg,2
435,8576.jpg,2
436,8578.jpg,2
437,8580.jpg,2
438,8581.jpg,2
439,8582.jpg,2
440,8584.jpg,2
441,8585.jpg,2
442,8587.jpg,2
443,8591.jpg,2
444,8596.jpg,2
445,8599.jpg,2
446,8601.jpg,2
447,8602.jpg,2
448,8607.jpg,2
449,8609.jpg,2
450,8611.jpg,2
451,8612.jpg,2
452,8613.jpg,2
453,8615.jpg,2
454,8617.jpg,2
455,8619.jpg,2
456,8621.jpg,2
457,8622.jpg,2
458,8623.jpg,2
459,8624.jpg,2
460,8625.jpg,2
461,8626.jpg,2
462,8628.jpg,2
463,8630.jpg,2
464,8631.jpg,2
465,8634.jpg,2
466,8635.jpg,2
467,8636.jpg,2
468,8637.jpg,2
469,8638.jpg,2
470,8639.jpg,2
471,8641.jpg,2
472,8642.jpg,2
473,8643.jpg,2
474,8645.jpg,2
475,8646.jpg,2
476,8647.jpg,2
477,8649.jpg,2
478,8650.jpg,2
479,8652.jpg,2
480,8655.jpg,2
481,8657.jpg,2
482,8658.jpg,2
483,8659.jpg,2
484,8660.jpg,2
485,8661.jpg,2
486,8663.jpg,2
487,8665.jpg,2
488,8666.jpg,2
489,8667.jpg,2
490,8668.jpg,2
491,8671.jpg,2
492,8672.jpg,2
493,8675.jpg,2
494,8676.jpg,2
495,8677.jpg,2
496,8678.jpg,2
497,8679.jpg,2
498,8683.jpg,2
499,8684.jpg,2
500,8685.jpg,2
501,8688.jpg,2
502,8689.jpg,2
503,8690.jpg,2
504,8691.jpg,2
505,8693.jpg,2
506,8695.jpg,2
507,8696.jpg,2
508,8697.jpg,2
509,8700.jpg,2
510,8701.jpg,2
511,8703.jpg,2
512,8705.jpg,2
513,8709.jpg,2
514,8710.jpg,2
515,8711.jpg,2
516,8713.jpg,2
517,8714.jpg,2
518,8715.jpg,2
519,8716.jpg,2
520,8718.jpg,2
521,8719.jpg,2
522,8720.jpg,2
523,8721.jpg,2
524,8722.jpg,2
525,9064.jpg,2
526,9066.jpg,2
527,9067.jpg,2
528,9069.jpg,2
529,9071.jpg,2
530,9073.jpg,2
531,9075.jpg,2
532,9077.jpg,2
533,9078.jpg,2
534,9081.jpg,2
535,9082.jpg,2
536,9083.jpg,2
537,9084.jpg,2
538,9085.jpg,2
539,9086.jpg,2
540,9088.jpg,2
541,9091.jpg,2
542,9092.jpg,2
543,9093.jpg,2
544,9094.jpg,2
545,9095.jpg,2
546,9097.jpg,2
547,9099.jpg,2
548,9101.jpg,2
549,9102.jpg,2
550,9103.jpg,2
551,9106.jpg,2
552,9107.jpg,2
553,9109.jpg,2
554,9110.jpg,2
555,9111.jpg,2
556,9113.jpg,2
557,9114.jpg,2
558,9116.jpg,2
559,9119.jpg,2
560,9121.jpg,2
561,9124.jpg,2
562,9125.jpg,2
563,9128.jpg,2
564,9129.jpg,2
565,9132.jpg,2
566,9133.jpg,2
567,9134.jpg,2
568,9137.jpg,2
569,9144.jpg,2
570,9145.jpg,2
571,9146.jpg,2
572,9148.jpg,2
573,9150.jpg,2
574,9153.jpg,2
575,9155.jpg,2
576,9156.jpg,2
577,9157.jpg,2
578,9158.jpg,2
579,9160.jpg,2
580,9161.jpg,2
581,9162.jpg,2
582,9165.jpg,2
583,9166.jpg,2
584,9167.jpg,2
585,9172.jpg,2
586,9173.jpg,2
587,9174.jpg,2
588,9177.jpg,2
589,9178.jpg,2
590,9179.jpg,2
591,9180.jpg,2
592,9181.jpg,2
593,9183.jpg,2
594,9184.jpg,2
595,9185.jpg,2
596,9186.jpg,2
597,9187.jpg,2
598,9188.jpg,2
599,9190.jpg,2
600,9192.jpg,2
601,9193.jpg,2
602,9194.jpg,2
603,9195.jpg,2
604,9196.jpg,2
605,9197.jpg,2
606,9199.jpg,2
607,9202.jpg,2
608,9203.jpg,2
609,9204.jpg,2
610,9206.jpg,2
611,9207.jpg,2
612,9210.jpg,2
613,9211.jpg,2
614,9212.jpg,2
615,9216.jpg,2
616,9217.jpg,2
617,9220.jpg,2
618,9221.jpg,2
619,9222.jpg,2
620,9223.jpg,2
621,9224.jpg,2
622,9225.jpg,2
623,9226.jpg,2
624,9227.jpg,2
